time,symbol,action,side,qty,price,notional,margin,fee,realized_pnl,nav_after,reason,leverage,notes
2025-11-23 06:58:38,BNB,open_long,long,4.601598449987891,825.8,3800.0,1900.0,3.8,-3.8,,,,
2025-11-23 06:58:38,SOL,open_long,long,26.53554983220167,128.13,3400.0,1700.0,3.4,-3.4,,,,
2025-11-27 16:14:29,SOL,close_position,long,26.53554983220167,142.87,3791.134,1700.0,3.791,387.343,,,,
2025-11-27 20:13:52,BTC,open_long,long,0.0230291110993406,86846.6,2000.0,1000.0,2.0,-2.0,,,,
2025-11-27 20:20:06,BNB,close_position,long,4.601598449987891,845.0,3888.350690239768,1900.0,3.888350690239768,84.46233954952795,,stop_loss,,
2025-11-27 20:28:28,BTC,open_long,long,0.0230291110993406,86846.6,2000.0,1000.0,2.0,-2.0,,,,
2025-11-27 20:28:28,BNB,open_long,long,2.369949046095509,843.9,2000.0,1000.0,2.0,-2.0,,,,
2025-11-28 13:40:55,ETH,open_long,long,0.6604387294479723,3028.29,2000.0,1000.0,2.0,-2.0,,,2.0,
2025-11-28 20:03:26,BTC,close_position,long,0.0230291110993406,91368.8,2104.1422462134383,1000.0,2.1041422462134385,102.0381039672249,,,,
2025-11-28 20:03:26,DOGE,open_long,long,13080.444735120993,0.1529,2000.0,1000.0,2.0,-2.0,,,2.0,
2025-11-29 04:02:44,BNB,close_position,long,2.369949046095509,892.4,2114.942528735632,1000.0,2.1149425287356323,112.82758620689654,,,,
2025-11-29 13:41:27,BNB,open_long,long,2.2411474675033616,892.4,2000.0,1000.0,2.0,-2.0,,,2.0,
2025-11-30 18:20:24,DOGE,close_position,long,13080.444735120993,0.1498,1959.4506213211248,1000.0,1.959450621321125,-42.50882930019645,,,,
2025-11-30 18:34:58,DOGE,open_long,long,13351.13484646195,0.1498,2000.0,1000.0,2.0,-2.0,,,2.0,
2025-12-01 04:31:37,ETH,close_position,long,0.6604387294479723,2950.0,1948.2942518715183,1000.0,1.9482942518715185,-53.654042380353246,,stop_loss,2.0,
2025-12-01 04:31:37,DOGE,close_position,long,13351.13484646195,0.145,1935.9145527369824,1000.0,1.9359145527369828,-66.02136181575433,,stop_loss,2.0,
2025-12-01 04:38:43,ETH,open_long,long,1.4220351455986235,2812.87,4000.0,2000.0,4.0,-4.0,,,2.0,
2025-12-01 04:38:43,BTC,open_long,long,0.0349836684574417,85754.3,3000.0,1500.0,3.0,-3.0,,,2.0,
2025-12-01 16:58:06,DOGE,open_long,long,14858.84101040119,0.1346,2000.0,1000.0,2.0,-2.0,,,2.0,
2025-12-02 10:39:04,BTC,close_position,long,0.0349836684574417,85000.0,2973.6118188825512,1500.0,2.973611818882551,-29.361792936330986,,stop_loss,2.0,
2025-12-03 04:17:02,ETH,close_position,long,1.4220351455986235,2780.0,3953.2577047641735,2000.0,3.9532577047641735,-50.69555294059078,,stop_loss,2.0,
2025-12-03 12:18:13,ETH,open_long,long,0.7162554166815887,2792.3,2000.0,1000.0,2.0,-2.0,,,2.0,
2025-12-03 13:01:44,DOGE,close_position,long,14858.84101040119,0.145,2154.5319465081725,1000.0,2.1545319465081727,152.3774145616641,,take_profit,2.0,
2025-12-03 13:01:44,ETH,close_position,long,0.7162554166815887,2900.0,2077.140708376607,1000.0,2.077140708376607,75.06356766823036,,take_profit,2.0,
2025-12-03 13:08:20,BNB,open_short,short,-2.3874888888888885,900.0,2148.74,1074.37,2.14874,-2.14874,,,2.0,
2025-12-03 13:37:52,BNB,close_position,short,-2.3874888888888885,904.3,2159.006202222222,1074.37,2.159006202222222,-12.425208424444335,,agent_decision,2.0,
2025-12-03 13:37:52,BNB,open_short,short,-2.2116554240849275,904.3,2000.0,1000.0,2.0,-2.0,,,2.0,
2025-12-03 13:37:52,DOGE,open_short,short,-10680.90787716956,0.1498,1600.0,800.0,1.6,-1.6,,,2.0,
2025-12-03 16:17:13,ETH,open_long,long,0.64790548354806,3086.87,2000.0,1000.0,2.0,-2.0,,,2.0,
2025-12-03 17:01:15,DOGE,close_position,short,-10680.90787716956,0.15,1602.136181575434,800.0,1.602136181575434,-3.738317757009408,,agent_decision,2.0,
2025-12-03 20:16:41,BNB,close_position,short,-2.2116554240849275,907.1,2006.1926351874376,1000.0,2.0061926351874377,-8.198827822625386,,agent_decision,2.0,
2025-12-03 20:16:41,DOGE,open_short,short,-13271.400132714,0.1507,2000.0,1000.0,2.0,-2.0,,,2.0,
2025-12-04 00:16:44,BNB,open_short,short,-2.165205153188265,923.7,2000.0,1000.0,2.0,-2.0,,,2.0,
2025-12-04 01:47:21,ETH,close_position,long,0.64790548354806,3200.0,2073.297547353792,1000.0,2.073297547353792,71.22424980643831,,take_profit,2.0,
2025-12-04 04:16:51,DOGE,close_position,short,-13271.400132714,0.1513,2007.962840079628,1000.0,2.007962840079628,-9.97080291970789,,agent_decision,2.0,
2025-12-04 04:16:51,SOL,open_short,short,-13.811200883916856,144.81,2000.0,1000.0,2.0,-2.0,,,2.0,
2025-12-04 20:16:31,BNB,close_position,short,-2.165205153188265,900.0,1948.684637869438,1000.0,1.9486846378694385,49.36667749269253,,take_profit,2.0,
2025-12-04 20:16:31,SOL,close_position,short,-13.811200883916856,140.0,1933.56812374836,1000.0,1.93356812374836,64.49830812789175,,take_profit,2.0,
2025-12-05 00:16:48,BNB,open_long,long,4.8251441241685145,902.0,4352.28,2176.14,4.35228,-4.35228,,,2.0,
2025-12-05 00:16:48,ETH,open_long,long,1.0397194475588625,3139.52,3264.22,1632.11,3.26422,-3.26422,,,2.0,
2025-12-05 04:15:57,SOL,open_long,long,14.382281029771322,139.06,2000.0,1000.0,2.0,-2.0,,,2.0,
2025-12-05 08:16:04,SOL,close_position,long,14.382281029771322,138.33,1989.5009348482672,1000.0,1.9895009348482675,-12.488566086581184,,agent_decision,2.0,
2025-12-05 12:16:29,BNB,open_long,long,4.479283314669653,893.0,4000.0,2000.0,4.0,-4.0,,,2.0,
2025-12-05 16:17:42,SOL,open_short,short,-29.90877822640945,133.74,4000.0,2000.0,4.0,-4.0,,,2.0,
2025-12-05 20:16:49,BNB,close_position,long,4.8251441241685145,890.0,4294.3782705099775,2176.14,4.294378270509978,-62.19610776053216,,stop_loss,2.0,
2025-12-05 20:16:49,ETH,close_position,long,1.0397194475588625,3080.0,3202.335898481296,1632.11,3.202335898481296,-65.08643741718477,,stop_loss,2.0,
2025-12-05 20:16:49,DOGE,open_long,long,14450.867052023124,0.1384,2000.0,1000.0,2.0,-2.0,,,2.0,
2025-12-06 00:16:28,SOL,close_position,short,-29.90877822640945,132.98,3977.269328547928,2000.0,3.977269328547928,18.75340212352384,,agent_decision,2.0,
2025-12-06 00:16:28,SOL,open_long,long,30.079711234772148,132.98,4000.0,2000.0,4.0,-4.0,,,2.0,
2025-12-06 04:16:52,BTC,open_long,long,0.0223087305216896,89651.0,2000.0,1000.0,2.0,-2.0,,,2.0,
2025-12-06 10:00:13,DOGE,close_position,long,14450.867052023124,0.1393,2013.005780346821,1000.0,2.013005780346821,10.99277456647416,,agent_decision,2.0,
2025-12-07 04:16:26,SOL,close_position,long,30.079711234772148,133.37,4011.731087381561,2000.0,4.011731087381562,7.719356294180021,,agent_decision,2.0,
2025-12-07 08:16:49,BTC,close_position,long,0.0223087305216896,89344.7,1993.1668358412064,1000.0,1.9931668358412065,-8.826330994634816,,agent_decision,2.0,
2025-12-07 08:16:49,BNB,open_long,long,2.2469385462307607,890.1,2000.0,1000.0,2.0,-2.0,,,2.0,
2025-12-07 08:16:49,SOL,open_long,long,10.37939927184466,131.84,1368.42,684.21,1.3684200000000002,-1.3684200000000002,,,2.0,
2025-12-07 12:16:18,ETH,open_long,long,0.656456670091956,3036.24,1993.16,996.58,1.99316,-1.99316,,,2.0,
2025-12-08 00:16:59,ETH,close_position,long,0.656456670091956,3056.03,2006.1512775011204,996.58,2.0061512775011203,10.985126223618964,,agent_decision,2.0,
2025-12-08 04:13:56,DOGE,open_long,long,14245.014245014245,0.1404,2000.0,1000.0,2.0,-2.0,,,2.0,
2025-12-08 08:16:17,BNB,close_position,long,2.2469385462307607,903.6,2030.333670374116,1000.0,2.0303336703741155,28.303336703741152,,agent_decision,2.0,
2025-12-08 16:17:45,BNB,open_long,long,2.23563603845294,894.6,2000.0,1000.0,2.0,-2.0,,,2.0,
2025-12-08 20:16:53,SOL,close_position,long,10.37939927184466,134.29,1393.8495282160193,684.21,1.3938495282160193,24.03567868780328,,agent_decision,2.0,
2025-12-08 20:16:53,DOGE,close_position,long,14245.014245014245,0.143,2037.037037037037,1000.0,2.037037037037037,34.99999999999987,,agent_decision,2.0,
2025-12-09 00:16:42,SOL,open_long,long,15.00712838598334,133.27,2000.0,1000.0,2.0,-2.0,,,2.0,
2025-12-09 04:13:27,BNB,close_position,long,2.23563603845294,893.8,1998.2114911692377,1000.0,1.9982114911692377,-3.786720321931742,,agent_decision,2.0,
2025-12-09 08:17:09,DOGE,open_long,long,21291.696238467,0.1409,3000.0,1000.0,3.0,-3.0,,,3.0,
2025-12-09 12:16:33,ETH,open_long,long,0.1290934674397659,3119.91,402.76,201.38,0.40276,-0.40276,,,2.0,
2025-12-09 16:17:47,DOGE,close_position,long,21291.696238467,0.148,3151.1710432931154,1000.0,3.1511710432931155,148.01987224982247,,take_profit,3.0,
2025-12-09 16:17:47,ETH,close_position,long,0.1290934674397659,3200.0,413.0990958072509,201.38,0.4130990958072509,9.92599671144362,,take_profit,2.0,
2025-12-09 16:17:47,SOL,close_position,long,15.00712838598334,140.0,2100.997974037668,1000.0,2.100997974037668,98.89697606363006,,take_profit,2.0,
2025-12-10 00:13:48,BTC,open_long,long,0.047750258699478,92675.1,4425.26,2212.63,4.425260000000001,-4.425260000000001,,,2.0,
2025-12-10 04:13:40,BTC,close_position,long,0.047750258699478,92394.4,4411.856502383056,2212.63,4.411856502383056,-17.815354119327104,,agent_decision,2.0,
2025-12-10 04:13:40,ETH,open_long,long,0.3337736892860489,3307.93,1104.1,552.05,1.1041,-1.1041,,,2.0,
2025-12-10 08:17:16,ETH,close_position,long,0.3337736892860489,3327.93,1110.7754737857208,552.05,1.1107754737857207,5.564698311935258,,agent_decision,2.0,
2025-12-10 12:17:30,DOGE,open_long,long,30365.36082474227,0.1455,4418.16,2209.08,4.41816,-4.41816,,,2.0,
2025-12-10 16:17:45,DOGE,close_position,long,30365.36082474227,0.1452,4409.0503917525775,2209.08,4.409050391752578,-13.5186586391751,,agent_decision,2.0,
2025-12-10 16:17:45,ETH,open_short,short,-0.331191130740457,3328.35,1102.32,551.16,1.10232,-1.10232,,,2.0,
2025-12-10 20:13:57,ETH,close_position,short,-0.331191130740457,3350.0,1109.4902879805309,551.16,1.1094902879805308,-8.279778268511453,,stop_loss,2.0,
2025-12-11 00:17:08,SOL,open_long,long,32.35369255615915,136.22,4407.22,2203.61,4.407220000000001,-4.407220000000001,,,2.0,
2025-12-11 00:17:08,ETH,open_long,long,0.3312299519899951,3326.39,1101.8,550.9,1.1018,-1.1018,,,2.0,
2025-12-11 04:17:08,SOL,close_position,long,32.35369255615915,130.0,4205.98003230069,2203.61,4.20598003230069,-205.44594773161057,,stop_loss,2.0,
2025-12-11 04:17:08,ETH,close_position,long,0.3312299519899951,3250.0,1076.4973439674843,550.9,1.0764973439674843,-26.37915337648317,,stop_loss,2.0,
2025-12-11 08:17:15,BNB,open_long,long,4.973221081766808,867.1,4312.28,2156.14,4.31228,-4.31228,,,2.0,
2025-12-11 08:17:15,SOL,open_long,long,8.254191868922746,130.61,1078.08,539.04,1.07808,-1.07808,,,2.0,
2025-12-11 20:41:03,SOL,open_long,long,0.296636538746481,134.98,40.04,20.02,0.04004,-0.04004,,,2.0,
2025-12-12 08:17:02,ETH,open_long,long,0.616308129412381,3245.13,2000.0,1000.0,2.0,-2.0,,,2.0,
2025-12-12 08:17:02,SOL,close_position,long,8.254191868922746,138.0,1139.078477911339,539.04,1.139078477911339,59.85939943342764,,take_profit,2.0,
2025-12-13 04:17:26,ETH,open_long,long,0.3592050459710226,3089.99,1109.94,554.97,1.10994,-1.10994,,new,2.0,
2025-12-13 20:17:26,DOGE,open_long,long,398.9920806335493,0.1389,55.42,27.71,0.05542,-0.05542,,new,2.0,
2025-12-14 04:17:18,BNB,open_long,long,2.232142857142857,896.0,2000.0,1000.0,2.0,-2.0,,new,2.0,
2025-12-14 16:17:27,BNB,close_position,long,2.232142857142857,884.4,1974.107142857143,1000.0,1.9741071428571428,-27.86696428571434,,agent_decision,2.0,
2025-12-14 20:17:44,DOGE,close_position,long,398.9920806335493,0.134,53.46493880489562,27.71,0.0534649388048956,-2.0085261339092826,,stop_loss,2.0,
2025-12-14 20:17:44,SOL,open_long,long,7.667535654040792,130.42,1000.0,500.0,1.0,-1.0,,new,2.0,
2025-12-15 00:14:21,DOGE,open_long,long,7440.476190476191,0.1344,1000.0,500.0,1.0,-1.0,,new,2.0,
2025-12-15 08:17:16,DOGE,close_position,long,7440.476190476191,0.1366,1016.3690476190476,500.0,1.0163690476190477,15.35267857142863,,agent_decision,2.0,
2025-12-15 12:17:17,ETH,close_position,long,0.3592050459710226,3151.59,1132.0670308318151,554.97,1.1320670308318153,20.994963800983307,,agent_decision,2.0,
2025-12-15 16:18:05,DOGE,open_long,long,15255.530129672006,0.1311,2000.0,1000.0,2.0,-2.0,,new,2.0,
2025-12-15 20:17:34,BTC,open_long,long,0.0232265377129292,86108.4,2000.0,1000.0,2.0,-2.0,,new,2.0,
2025-12-15 20:17:34,SOL,close_position,long,7.667535654040792,125.0,958.441956755099,500.0,0.958441956755099,-42.5164852016561,,stop_loss,2.0,
2025-12-16 00:17:38,SOL,open_long,long,11.05128004384248,127.73,1411.58,705.79,1.41158,-1.41158,,new,2.0,
2025-12-16 20:17:59,SOL,close_position,long,11.05128004384248,127.75,1411.8010256008768,705.79,1.4118010256008768,-1.1907754247240712,,agent_decision,2.0,
2025-12-17 04:16:55,ETH,open_long,long,0.4935130129807578,2948.21,1454.98,727.49,1.45498,-1.45498,,new,2.0,
2025-12-17 12:17:35,ETH,close_position,long,0.4935130129807578,2931.72,1446.8419704159471,727.49,1.4468419704159474,-9.58487155446876,,agent_decision,2.0,
2025-12-17 16:18:27,DOGE,close_position,long,15255.530129672006,0.1305,1990.846681922197,1000.0,1.990846681922197,-11.14416475972524,,agent_decision,2.0,
2025-12-17 16:18:27,SOL,open_long,long,11.24516129032258,127.1,1429.26,714.63,1.42926,-1.42926,,new,2.0,
2025-12-18 00:17:37,DOGE,open_long,long,15541.04595879556,0.1262,1961.28,980.64,1.96128,-1.96128,,new,2.0,
2025-12-18 08:17:54,DOGE,close_position,long,15541.04595879556,0.1251,1944.1848494453243,980.64,1.9441848494453249,-19.03933540412072,,agent_decision,2.0,
2025-12-18 12:17:32,SOL,close_position,long,11.24516129032258,123.96,1393.9501935483872,714.63,1.3939501935483871,-36.7037566451613,,agent_decision,2.0,
2025-12-18 12:17:32,ETH,open_long,long,0.6864404111912864,2859.01,1962.54,981.27,1.96254,-1.96254,,new,2.0,
2025-12-18 16:18:34,BNB,open_long,long,1.7012039660056657,847.2,1441.26,720.63,1.44126,-1.44126,,new,2.0,
2025-12-18 20:18:46,BTC,close_position,long,0.0232265377129292,85000.0,1974.2557055989887,1000.0,1.974255705598989,-27.71855010660968,,stop_loss,2.0,
2025-12-18 20:18:46,BNB,close_position,long,1.7012039660056657,824.7,1402.9829107648725,720.63,1.4029829107648726,-39.680072145892346,,agent_decision,2.0,
2025-12-19 00:14:23,SOL,open_long,long,16.71541997492687,119.65,2000.0,1000.0,2.0,-2.0,,new,2.0,
2025-12-19 08:18:12,ETH,open_long_merge,long,0.4848109616848515,2955.75,1432.98,716.49,1.43298,-1.43298,,merge,2.0,
2025-12-19 12:17:57,BNB,open_long,long,0.0360825958702064,847.5,30.58,15.29,0.03058,-0.03058,,new,2.0,
2025-12-19 16:17:30,BNB,close_position,long,0.0360825958702064,848.6,30.619690855457225,15.29,0.0306196908554572,0.0090711646017707,,agent_decision,2.0,
2025-12-19 20:18:16,ETH,open_long_merge,long,0.0194400670578373,2982.5,57.98,28.99,0.05798,-0.05798,,merge,2.0,
2025-12-20 08:16:23,SOL,close_position,long,16.71541997492687,126.38,2112.494776431258,1000.0,2.112494776431258,110.3822816548264,,agent_decision,2.0,
2025-12-20 12:17:11,BNB,open_short,short,-2.3441162681669008,853.2,2000.0,1000.0,2.0,-2.0,,new,2.0,
2025-12-20 16:17:03,BNB,close_position,short,-2.3441162681669008,853.5,2000.7032348804496,1000.0,2.00070323488045,-2.7039381153304136,,agent_decision,2.0,
2025-12-20 20:16:59,SOL,open_long,long,15.854366621718096,126.07,1998.76,999.38,1.99876,-1.99876,,new,2.0,
2025-12-21 12:16:58,SOL,close_position,long,15.854366621718096,125.8,1994.4793210121363,999.38,1.9944793210121363,-6.275158308875959,,agent_decision,2.0,
2025-12-21 16:16:43,BNB,open_long,long,2.3681056853031377,847.8,2007.68,1003.84,2.00768,-2.00768,,new,2.0,
2025-12-22 08:17:12,DOGE,open_long,long,179.34700075930144,0.1317,23.62,11.81,0.02362,-0.02362,,new,2.0,
2025-12-23 00:17:02,ETH,close_position,long,1.1906914399339754,3006.95,3580.3496253094672,1726.75,3.580349625309468,123.26927568415746,,agent_decision,2.0,
2025-12-23 04:16:26,ETH,open_long,long,0.6691872720580855,2988.7,2000.0,1000.0,2.0,-2.0,,new,2.0,
2025-12-23 08:17:04,ETH,close_position,long,0.6691872720580855,2962.85,1982.7015090172983,1000.0,1.9827015090172984,-19.28119249171875,,agent_decision,2.0,
2025-12-23 12:17:31,DOGE,close_position,long,179.34700075930144,0.1309,23.47652239939256,11.81,0.0234765223993925,-0.1669541230068378,,agent_decision,2.0,
2025-12-23 12:17:31,SOL,open_long,long,8.017960230917256,124.72,1000.0,500.0,1.0,-1.0,,new,2.0,
2025-12-23 21:58:05,BNB,close_position,long,4.973221081766808,840.0,4177.505708684119,2156.14,4.177505708684119,-138.95179702456474,,stop_loss,2.0,
2025-12-23 21:58:05,SOL,close_position,long,0.296636538746481,128.0,37.96947695954957,20.02,0.0379694769595495,-2.108492517409984,,stop_loss,2.0,
2025-12-23 21:58:05,ETH,close_position,long,0.616308129412381,3150.0,1941.370607649,1000.0,1.9413706076490005,-60.57076295864887,,stop_loss,2.0,
2025-12-24 15:39:03,BNB,open_short,short,-1.5676873585130466,839.3,1315.76,657.88,1.31576,-1.31576,,new,2.0,
2025-12-24 15:39:03,ETH,open_long,long,1.3711073405659246,2917.35,4000.0,2000.0,4.0,-4.0,,new,2.0,
2025-12-25 12:05:00,ETH,close_position,long,1.3711073405659246,2926.89,4013.080364028999,2000.0,4.013080364028999,9.067283664969873,,agent_decision,2.0,
2025-12-25 12:20:58,BNB,close_position,short,-1.5676873585130466,837.3,1312.624625282974,657.88,1.312624625282974,1.8227500917431192,,agent_decision,2.0,
2025-12-25 12:20:58,SOL,open_short,short,-16.429803663846215,121.73,2000.0,1000.0,2.0,-2.0,,new,2.0,
2025-12-25 12:20:58,DOGE,open_short,short,-15835.312747426762,0.1263,2000.0,1000.0,2.0,-2.0,,new,2.0,
2025-12-25 14:24:18,ETH,open_long,long,0.4498153329985069,2926.89,1316.56,658.28,1.31656,-1.31656,,new,2.0,
2025-12-26 04:01:57,DOGE,close_position,short,-15835.312747426762,0.1259,1993.6658749010296,1000.0,1.9936658749010296,4.340459224069417,,agent_decision,2.0,
2025-12-26 04:01:57,DOGE,open_long,long,238.4432088959492,0.1259,30.02,15.01,0.03002,-0.03002,,new,2.0,
2025-12-26 08:01:39,SOL,close_position,short,-16.429803663846215,122.77,2017.0869958104,1000.0,2.0170869958104,-19.10408280621033,,agent_decision,2.0,
2025-12-26 12:02:15,BNB,open_short,short,-1.1909015124449207,839.7,1000.0,500.0,1.0,-1.0,,new,2.0,
2025-12-26 16:02:05,DOGE,close_position,long,238.4432088959492,0.1222,29.137760127084984,15.01,0.0291377601270849,-0.911377633042099,,agent_decision,2.0,
2025-12-26 20:01:44,DOGE,open_long,long,8190.00819000819,0.1221,1000.0,500.0,1.0,-1.0,,new,2.0,
2025-12-27 04:02:08,BNB,close_position,short,-1.1909015124449207,836.4,996.0700250089316,500.0,0.9960700250089316,2.933904966059388,,agent_decision,2.0,
2025-12-27 08:01:46,SOL,open_short,short,-16.233766233766232,123.2,2000.0,1000.0,2.0,-2.0,,new,2.0,
2025-12-27 20:01:43,SOL,close_position,short,-16.233766233766232,123.32,2001.948051948052,1000.0,2.001948051948052,-3.949999999999843,,agent_decision,2.0,
2025-12-28 04:02:00,BTC,open_long,long,0.0228044970468176,87702.0,2000.0,1000.0,2.0,-2.0,,new,2.0,
2025-12-28 08:01:47,DOGE,close_position,long,8190.00819000819,0.1242,1017.1990171990172,500.0,1.017199017199017,16.181818181818223,,agent_decision,2.0,
2025-12-28 08:01:47,DOGE,open_short,short,-8045.249597423511,0.1242,999.22,499.61,0.99922,-0.99922,,new,2.0,
2025-12-28 16:02:15,DOGE,close_position,short,-8045.249597423511,0.1243,1000.0245249597424,499.61,1.0000245249597424,-1.804549484702005,,agent_decision,2.0,
2025-12-28 16:02:15,DOGE,open_long,long,8071.922767497989,0.1243,1003.34,501.67,1.00334,-1.00334,,new,2.0,
2025-12-29 00:01:35,ETH,open_short,short,-0.334397105455728,2951.76,987.06,493.53,0.98706,-0.98706,,new,2.0,
2025-12-29 04:02:29,BTC,close_position,long,0.0228044970468176,90000.0,2052.404734213587,1000.0,2.052404734213587,50.35232947937333,,take_profit,2.0,
2025-12-29 08:02:23,ETH,close_position,long,0.4498153329985069,3019.15,1358.0599626224423,658.28,1.3580599626224423,40.14190265981991,,agent_decision,2.0,
2025-12-29 08:02:23,ETH,close_position,short,-0.334397105455728,3019.15,1009.5950209366612,493.53,1.009595020936661,-23.544615957598133,,agent_decision,2.0,
2025-12-29 08:02:23,BTC,open_long,long,0.022314206339466,89629.0,2000.0,1000.0,2.0,-2.0,,new,2.0,
2025-12-29 12:02:01,BTC,close_position,long,0.022314206339466,88000.0,1963.65015787301,1000.0,1.96365015787301,-38.31349228486316,,stop_loss,2.0,
2025-12-29 16:01:32,ETH,open_long,long,0.3406331006809255,2935.71,1000.0,500.0,1.0,-1.0,,new,2.0,
2025-12-29 20:02:13,SOL,open_long,long,16.26677511183408,122.95,2000.0,1000.0,2.0,-2.0,,new,2.0,
2025-12-30 08:02:20,DOGE,close_position,long,8071.922767497989,0.1238,999.304038616251,501.67,0.999304038616251,-5.035265422365249,,agent_decision,2.0,
2025-12-30 16:01:37,DOGE,open_short,short,-8025.6821829855535,0.1246,1000.0,500.0,1.0,-1.0,,new,2.0,
2025-12-30 20:02:13,DOGE,close_position,short,-8025.6821829855535,0.1232,988.7640449438202,500.0,0.9887640449438202,10.24719101123594,,agent_decision,2.0,
2025-12-30 20:02:13,DOGE,open_short,short,-10934.253246753246,0.1232,1347.1,673.55,1.3471,-1.3471,,new,2.0,
2025-12-31 00:02:03,DOGE,close_position,short,-10934.253246753246,0.1232,1347.1,673.55,1.3471,-1.3471,,agent_decision,2.0,
2025-12-31 04:01:43,BTC,open_long,long,0.0226098811963792,88456.9,2000.0,1000.0,2.0,-2.0,,new,2.0,
2026-01-01 00:02:00,BTC,close_position,long,0.0226098811963792,87639.0,1981.5073781694816,1000.0,1.9815073781694816,-20.474129208687945,,agent_decision,2.0,
2026-01-01 04:01:39,DOGE,open_long,long,16906.170752324597,0.1183,2000.0,1000.0,2.0,-2.0,,new,2.0,
2026-01-02 04:01:40,DOGE,close_position,long,16906.170752324597,0.1288,2177.514792899408,1000.0,2.177514792899408,175.33727810650876,,agent_decision,2.0,
2026-01-02 08:02:18,SOL,close_position,long,16.26677511183408,127.16,2068.483123220821,1000.0,2.068483123220821,66.41464009760055,,agent_decision,2.0,
2026-01-02 08:02:18,DOGE,open_long,long,15637.216575449567,0.1279,2000.0,1000.0,2.0,-2.0,,new,2.0,
2026-01-02 12:02:04,ETH,open_long_merge,long,0.6567260237537803,3045.41,2000.0,1000.0,2.0,-2.0,,merge,2.0,
2026-01-02 16:01:46,DOGE,close_position,long,15637.216575449567,0.135,2111.024237685692,1000.0,2.111024237685692,108.91321344800618,,take_profit,2.0,
2026-01-02 16:01:46,BTC,open_long,long,0.0051352439761057,89394.0,459.06,229.53,0.45906,-0.45906,,new,2.0,
2026-01-02 20:01:25,SOL,open_long,long,15.18718201837649,131.69,2000.0,1000.0,2.0,-2.0,,new,2.0,
2026-01-03 08:02:34,SOL,close_position,long,15.18718201837649,130.2,1977.3710987926188,1000.0,1.9773710987926187,-24.60627230617373,,agent_decision,2.0,
2026-01-03 12:02:11,SOL,open_long,long,15.304560759106211,130.68,2000.0,1000.0,2.0,-2.0,,new,2.0,
2026-01-04 00:02:07,BTC,close_position,long,0.0051352439761057,90643.2,465.4749467749513,229.53,0.4654749467749513,5.949471828176373,,agent_decision,2.0,
2026-01-04 04:01:46,BNB,open_long,long,0.6256282544713606,883.4,552.68,276.34,0.55268,-0.55268,,new,2.0,
2026-01-04 08:01:49,BNB,close_position,long,0.6256282544713606,884.7,553.4933167308128,276.34,0.5534933167308128,0.2598234140819986,,agent_decision,2.0,
2026-01-05 00:02:12,ETH,open_long_merge,long,0.1765255946208993,3144.02,555.0,277.5,0.555,-0.555,,merge,2.0,
2026-01-05 08:01:27,DOGE,open_long,long,375.3168779186124,0.1499,56.26,28.13,0.05626,-0.05626,,new,2.0,
2026-01-05 12:02:13,DOGE,close_position,long,375.3168779186124,0.1477,55.434302868579046,28.13,0.055434302868579,-0.8811314342895291,,agent_decision,2.0,
2026-01-05 16:02:03,BNB,open_long,long,0.0486039068535481,906.1,44.04,22.02,0.04404,-0.04404,,new,2.0,
2026-01-05 20:01:44,BNB,close_position,long,0.0486039068535481,911.1,44.28301953426774,22.02,0.0442830195342677,0.1987365147334731,,agent_decision,2.0,
2026-01-06 00:01:34,SOL,close_position,long,15.304560759106211,137.91,2110.651974288338,1000.0,2.110651974288338,108.54132231404944,,agent_decision,2.0,
2026-01-06 00:01:34,BTC,open_long,long,0.0009451268229804,93871.0,88.72,44.36,0.08872,-0.08872,,new,2.0,
2026-01-06 00:01:34,BTC,close_position,long,0.0009451268229804,95000.0,89.78704818314495,44.36,0.0897870481831449,0.9772611349618092,,trailing_stop,2.0,
2026-01-06 04:02:10,BTC,open_long,long,0.0222571111341017,93757.9,2086.78,1043.39,2.08678,-2.08678,,new,2.0,
2026-01-06 08:01:49,ETH,close_position,long,1.1738847190556052,3222.09,3782.3622144218753,1777.5,3.7823622144218754,223.57985220745343,,agent_decision,2.0,
2026-01-06 12:01:33,BNB,open_long,long,2.189621195533173,913.4,2000.0,1000.0,2.0,-2.0,,new,2.0,
2026-01-06 12:01:33,SOL,open_long,long,11.075930307593032,139.47,1544.76,772.38,1.54476,-1.54476,,new,2.0,
2026-01-06 16:02:26,BNB,close_position,long,2.189621195533173,919.9,2014.2325377709656,1000.0,2.014232537770966,12.21830523319466,,agent_decision,2.0,
2026-01-06 16:02:26,SOL,close_position,long,11.075930307593032,141.75,1570.0131211013122,772.38,1.5700131211013122,23.683107980210814,,agent_decision,2.0,
2026-01-06 20:02:02,BTC,close_position,long,0.0222571111341017,93000.0,2069.911335471465,1043.39,2.0699113354714647,-18.938575864007067,,stop_loss,2.0,
2026-01-06 20:02:02,ETH,open_long,long,1.104443955730804,3228.43,3565.62,1188.54,3.56562,-3.56562,,new,3.0,
2026-01-07 00:01:34,BTC,open_long,long,0.0221556835109675,93713.2,2076.28,1038.14,2.07628,-2.07628,,new,2.0,
2026-01-07 04:02:23,BTC,close_position,long,0.0221556835109675,93000.0,2060.4785665199784,1038.14,2.0604785665199783,-17.86191204654194,,stop_loss,2.0,
2026-01-07 04:02:23,DOGE,open_long,long,242.9919137466308,0.1484,36.06,18.03,0.03606,-0.03606,,new,2.0,
2026-01-07 16:02:00,ETH,close_position,long,1.104443955730804,3200.0,3534.220658338573,1188.54,3.5342206583385734,-34.93356231976515,,stop_loss,3.0,
2026-01-07 16:02:00,ETH,open_long,long,0.639803961196443,3166.72,2026.08,675.36,2.02608,-2.02608,,new,3.0,
2026-01-08 04:01:58,DOGE,close_position,long,242.9919137466308,0.1451,35.25812668463612,18.03,0.0352581266846361,-0.8371314420485169,,agent_decision,2.0,
2026-01-08 04:01:58,DOGE,open_short,short,-6891.798759476223,0.1451,1000.0,500.0,1.0,-1.0,,new,2.0,
2026-01-08 04:01:58,BTC,open_short,short,-0.0110151447224789,90784.1,1000.0,500.0,1.0,-1.0,,new,2.0,
2026-01-08 13:58:16,BTC,close_position,short,-0.0110151447224789,90216.1,993.743397797632,500.0,0.993743397797632,5.262858804570403,,agent_decision,2.0,
2026-01-08 20:02:10,DOGE,close_position,short,-6891.798759476223,0.1417,976.5678842177808,500.0,0.9765678842177808,22.45554789800148,,agent_decision,2.0,
2026-01-08 20:02:10,SOL,open_long,long,18.78747268754552,137.3,2579.52,859.84,2.57952,-2.57952,,new,3.0,
2026-01-09 00:01:45,DOGE,open_long,long,7042.816901408452,0.142,1000.08,333.36,1.00008,-1.00008,,new,3.0,
2026-01-09 12:01:33,ETH,close_position,long,0.639803961196443,3100.0,1983.392279708973,675.36,1.9833922797089727,-44.67111257073552,,stop_loss,3.0,
2026-01-09 16:01:59,DOGE,close_position,long,7042.816901408452,0.1421,1000.784281690141,333.36,1.000784281690141,-0.296502591549178,,agent_decision,3.0,
2026-01-09 16:01:59,ETH,open_long,long,0.6427499413490678,3111.63,2000.0,1000.0,2.0,-2.0,,new,2.0,
2026-01-10 00:01:57,SOL,open_long_merge,long,7.314403413270561,135.94,994.32,497.16,0.99432,-0.99432,,merge,2.0,
2026-01-10 08:02:00,ETH,close_position,long,0.6427499413490678,3093.34,1988.2441035727256,1000.0,1.9882441035727256,-13.744140530847153,,agent_decision,2.0,
2026-01-10 12:01:17,SOL,open_long_merge,long,11.066822806118717,136.63,1512.06,504.02,1.51206,-1.51206,,merge,3.0,
2026-01-11 20:01:49,DOGE,open_long,long,287.12727272727267,0.1375,39.48,19.74,0.0394799999999999,-0.0394799999999999,,new,2.0,
2026-01-12 04:01:47,BNB,open_long,long,0.0234670202187603,905.1,21.24,10.62,0.02124,-0.02124,,new,2.0,
2026-01-12 08:01:35,SOL,close_position,long,37.16869890693479,141.38,5254.910651462441,1861.02,5.254910651462441,163.75574081097878,,agent_decision,3.0,
2026-01-12 08:01:35,DOGE,open_long_merge,long,406.5217391304348,0.138,56.1,28.05,0.0561,-0.0561,,merge,2.0,
2026-01-12 12:02:15,BNB,open_long_merge,long,1.110247585211502,900.7,1000.0,500.0,1.0,-1.0,,merge,2.0,
2026-01-12 16:01:51,SOL,open_long,long,7.016559079427449,142.52,1000.0,500.0,1.0,-1.0,,new,2.0,
2026-01-13 00:02:15,DOGE,open_short,short,-7326.007326007326,0.1365,1000.0,500.0,1.0,-1.0,,new,2.0,
2026-01-13 00:02:15,SOL,open_long_merge,long,7.185972980741592,139.16,1000.0,500.0,1.0,-1.0,,merge,2.0,
2026-01-13 08:01:44,DOGE,close_position,long,693.6490118577074,0.1386,96.13975304347824,47.79,0.0961397530434782,0.4636132904347573,,agent_decision,2.0,
2026-01-13 08:01:44,DOGE,close_position,short,-7326.007326007326,0.1386,1015.3846153846154,500.0,1.015384615384615,-16.399999999999935,,agent_decision,2.0,
2026-01-13 08:01:44,DOGE,open_long,long,11118.326118326118,0.1386,1541.0,770.5,1.541,-1.541,,new,2.0,
2026-01-13 16:01:58,BNB,close_position,long,1.1337146054302625,917.5,1040.1831504822658,510.62,1.0401831504822658,17.902967331783522,,agent_decision,2.0,
2026-01-13 20:01:31,ETH,open_long,long,0.621780343657996,3216.57,2000.0,1000.0,2.0,-2.0,,new,2.0,
2026-01-14 00:02:12,SOL,close_position,long,14.20253206016904,145.0,2059.367148724511,1000.0,2.059367148724511,57.30778157578633,,take_profit,2.0,
2026-01-14 00:02:12,DOGE,close_position,long,11118.326118326118,0.145,1612.157287157287,770.5,1.6121572871572871,69.54512987012974,,take_profit,2.0,
2026-01-14 00:02:12,ETH,close_position,long,0.621780343657996,3300.0,2051.8751340713866,1000.0,2.0518751340713868,49.82325893731511,,take_profit,2.0,
2026-01-14 04:01:32,DOGE,open_long,long,38501.67112299465,0.1496,5759.85,1919.95,5.75985,-5.75985,,new,3.0,
2026-01-15 04:01:56,DOGE,close_position,long,38501.67112299465,0.145,5582.742312834224,1919.95,5.582742312834225,-182.69042947861044,,stop_loss,3.0,
2026-01-15 08:01:20,BNB,open_short,short,-4.826429560217229,939.1,4532.5,2266.25,4.5325,-4.5325,,new,2.0,
2026-01-15 08:01:20,ETH,open_long,long,0.340459157460182,3328.27,1133.14,566.57,1.13314,-1.13314,,new,2.0,
2026-01-16 00:02:09,ETH,close_position,long,0.340459157460182,3318.61,1129.8511645389349,566.57,1.1298511645389349,-4.418686625604244,,agent_decision,2.0,
2026-01-16 04:01:36,ETH,open_short,short,-0.347935321194173,3295.67,1146.68,573.34,1.14668,-1.14668,,new,2.0,
2026-01-16 08:02:13,ETH,close_position,short,-0.347935321194173,3310.55,1151.857277579369,573.34,1.1518572775793694,-6.329134856948702,,agent_decision,2.0,
2026-01-16 12:01:51,DOGE,open_long,long,8229.565217391304,0.138,1135.68,378.56,1.13568,-1.13568,,new,3.0,
2026-01-16 20:02:01,DOGE,close_position,long,8229.565217391304,0.1372,1129.096347826087,378.56,1.129096347826087,-7.712748521739319,,agent_decision,3.0,
2026-01-17 00:01:35,ETH,open_long,long,0.3452139048785961,3297.26,1138.26,569.13,1.13826,-1.13826,,new,2.0,
2026-01-17 20:01:38,BNB,close_position,short,-4.826429560217229,950.0,4585.108082206368,2266.25,4.585108082206368,-57.19319028857406,,stop_loss,2.0,
2026-01-18 00:02:06,DOGE,open_long,long,14513.788098693758,0.1378,2000.0,1000.0,2.0,-2.0,,new,2.0,
2026-01-18 12:01:29,SOL,open_long,long,14.04593019172695,142.39,2000.0,1000.0,2.0,-2.0,,new,2.0,
2026-01-19 00:02:02,DOGE,close_position,long,14513.788098693758,0.135,1959.3613933236568,1000.0,1.9593613933236576,-42.59796806966614,,stop_loss,2.0,
2026-01-19 00:02:02,SOL,close_position,long,14.04593019172695,140.0,1966.430226841773,1000.0,1.966430226841773,-35.53620338506899,,stop_loss,2.0,
2026-01-19 04:01:32,ETH,close_position,long,0.3452139048785961,3250.0,1121.9451908554374,569.13,1.1219451908554374,-17.43675433541797,,stop_loss,2.0,
2026-01-19 04:01:32,SOL,open_long,long,14.949917775452237,133.78,2000.0,1000.0,2.0,-2.0,,new,2.0,
2026-01-19 08:02:12,ETH,open_long,long,1.1148945333345817,3204.33,3572.49,1190.83,3.57249,-3.57249,,new,3.0,
2026-01-20 12:01:58,SOL,close_position,long,14.949917775452237,130.0,1943.4893108087904,1000.0,1.9434893108087907,-58.45417850201826,,stop_loss,2.0,
2026-01-20 16:01:25,ETH,close_position,long,1.1148945333345817,3080.0,3433.875162670512,1190.83,3.433875162670512,-142.04871249215898,,stop_loss,3.0,
2026-01-20 16:01:25,DOGE,open_long,long,15294.333599361536,0.1253,1916.38,958.19,1.91638,-1.91638,,new,2.0,
2026-01-21 04:01:19,ETH,open_long,long,0.6708010370584032,2981.51,2000.0,1000.0,2.0,-2.0,,new,2.0,
2026-01-21 08:02:02,SOL,open_long,long,12.181590089383723,127.54,1553.64,776.82,1.55364,-1.55364,,new,2.0,
2026-01-21 16:01:41,DOGE,close_position,long,15294.333599361536,0.1264,1933.2037669592985,958.19,1.9332037669592983,14.89056319233866,,agent_decision,2.0,
2026-01-21 20:02:20,SOL,close_position,long,12.181590089383723,131.44,1601.1482013485966,776.82,1.6011482013485967,45.90705314724782,,agent_decision,2.0,
2026-01-21 20:02:20,ETH,open_long_merge,long,0.6378941847505409,3050.6,1945.96,972.98,1.94596,-1.94596,,merge,2.0,
2026-01-22 00:01:53,ETH,open_long_merge,long,0.5273711502515693,2985.26,1574.34,787.17,1.57434,-1.57434,,merge,2.0,
2026-01-22 16:01:20,ETH,close_position,long,1.8360663720605137,2950.0,5416.395797578515,2760.15,5.416395797578515,-109.32059821906364,,stop_loss,2.0,
2026-01-22 20:01:57,DOGE,open_long,long,43673.113964687,0.1246,5441.67,1813.89,5.44167,-5.44167,,new,3.0,
2026-01-24 12:02:02,DOGE,close_position,long,43673.113964687,0.1246,5441.67,1813.89,5.44167,-5.44167,,agent_decision,3.0,
2026-01-24 16:01:32,ETH,open_long,long,1.4702104067503243,2958.08,4349.0,2174.5,4.349,-4.349,,new,2.0,
2026-01-24 16:01:32,SOL,open_long,long,8.569717033183574,126.87,1087.24,543.62,1.08724,-1.08724,,new,2.0,
2026-01-25 12:01:14,ETH,close_position,long,1.4702104067503243,2936.56,4317.361072046733,2174.5,4.317361072046733,-35.956289025313694,,agent_decision,2.0,
2026-01-25 16:01:37,SOL,close_position,long,8.569717033183574,125.49,1075.4137904942068,543.62,1.0754137904942067,-12.90162329628762,,agent_decision,2.0,
2026-01-25 16:01:37,DOGE,open_long,long,16366.61211129296,0.1222,2000.0,1000.0,2.0,-2.0,,new,2.0,
2026-01-25 16:01:37,BTC,open_long,long,0.022613153392934,88444.1,2000.0,1000.0,2.0,-2.0,,new,2.0,
2026-01-25 20:02:07,DOGE,close_position,long,16366.61211129296,0.119,1947.6268412438624,1000.0,1.9476268412438624,-54.32078559738147,,stop_loss,2.0,
2026-01-25 20:02:07,BTC,close_position,long,0.022613153392934,87000.0,1967.344345185264,1000.0,1.967344345185264,-34.62299915992148,,stop_loss,2.0,
2026-01-25 20:02:07,SOL,open_long,long,11.944821731748728,117.8,1407.1,703.55,1.4071,-1.4071,,new,2.0,
2026-01-26 00:01:40,SOL,close_position,long,11.944821731748728,118.73,1418.2086842105264,703.55,1.4182086842105264,9.69047552631587,,agent_decision,2.0,
2026-01-26 00:01:40,DOGE,open_long,long,33122.44556113903,0.1194,3954.82,1977.41,3.95482,-3.95482,,new,2.0,
2026-01-26 04:02:08,ETH,open_long,long,0.4941644878418068,2853.22,1409.96,704.98,1.40996,-1.40996,,new,2.0,
2026-01-26 08:01:46,BTC,open_long,long,0.0003871495433271,88028.0,34.08,17.04,0.03408,-0.03408,,new,2.0,
2026-01-27 08:01:30,DOGE,close_position,long,33122.44556113903,0.1222,4047.5628475711896,1977.41,4.047562847571189,88.695284723618,,agent_decision,2.0,
2026-01-27 12:02:06,DOGE,open_short,short,-8169.934640522876,0.1224,1000.0,500.0,1.0,-1.0,,new,2.0,
2026-01-27 16:01:53,DOGE,close_position,short,-8169.934640522876,0.1232,1006.5359477124184,500.0,1.0065359477124185,-7.542483660130793,,agent_decision,2.0,
2026-01-27 16:01:53,DOGE,open_long,long,16233.766233766231,0.1232,2000.0,1000.0,2.0,-2.0,,new,2.0,
2026-01-27 20:01:22,ETH,close_position,long,0.4941644878418068,2950.0,1457.7852391333302,704.98,1.45778523913333,46.36745389419684,,take_profit,2.0,
2026-01-28 00:01:43,BTC,open_long_merge,long,0.0112023229136793,89267.2,1000.0,500.0,1.0,-1.0,,merge,2.0,
2026-01-28 04:01:21,ETH,open_long,long,0.6657767450840709,3004.01,2000.0,1000.0,2.0,-2.0,,new,2.0,
2026-01-28 16:01:34,DOGE,close_position,long,16233.766233766231,0.1247,2024.3506493506493,1000.0,2.0243506493506493,22.32629870129872,,agent_decision,2.0,
2026-01-28 20:02:04,ETH,close_position,long,0.6657767450840709,3018.82,2009.860153594695,1000.0,2.009860153594695,7.850293441100359,,agent_decision,2.0,
2026-01-28 20:02:04,BNB,open_long,long,2.21141088014153,904.4,2000.0,1000.0,2.0,-2.0,,new,2.0,
2026-01-29 00:01:40,DOGE,open_short,short,-16000.0,0.125,2000.0,1000.0,2.0,-2.0,,new,2.0,
2026-01-29 08:02:19,DOGE,close_position,short,-16000.0,0.1219,1950.4,1000.0,1.9504,47.649600000000085,,agent_decision,2.0,
2026-01-29 08:02:19,DOGE,open_long,long,3363.904840032814,0.1219,410.06,205.03,0.41006,-0.41006,,new,2.0,
2026-01-29 12:02:05,BTC,close_position,long,0.0115894724570065,88000.0,1019.8735762165724,517.04,1.0198735762165725,-15.22629735964413,,stop_loss,2.0,
2026-01-29 16:02:20,BNB,close_position,long,2.21141088014153,890.0,1968.155683325962,1000.0,1.968155683325962,-33.812472357363944,,stop_loss,2.0,
2026-01-29 16:02:20,ETH,open_long,long,0.7094714437743881,2819.0,2000.0,1000.0,2.0,-2.0,,new,2.0,
2026-01-30 00:01:52,BNB,open_long,long,1.152073732718894,868.0,1000.0,500.0,1.0,-1.0,,new,2.0,
2026-01-30 04:01:40,DOGE,close_position,long,3363.904840032814,0.115,386.8490566037736,205.03,0.3868490566037736,-23.597792452830152,,stop_loss,2.0,
2026-01-30 04:01:40,ETH,close_position,long,0.7094714437743881,2750.0,1951.0464703795672,1000.0,1.9510464703795671,-50.90457609081234,,stop_loss,2.0,
2026-01-30 04:01:40,BNB,close_position,long,1.152073732718894,850.0,979.2626728110598,500.0,0.9792626728110598,-21.71658986175115,,stop_loss,2.0,
2026-01-30 08:02:10,ETH,open_long,long,1.8835622688894649,2739.49,5160.0,2580.0,5.16,-5.16,,new,2.0,
2026-01-30 08:02:10,DOGE,open_long,long,1987.7622377622376,0.1144,227.4,113.7,0.2274,-0.2274,,new,2.0,
2026-01-30 16:02:40,DOGE,close_position,long,1987.7622377622376,0.1161,230.7791958041958,113.7,0.2307791958041958,3.148416608391595,,agent_decision,2.0,
2026-01-30 20:02:01,DOGE,open_long,long,1849.702127659575,0.1175,217.34,108.67,0.21734,-0.21734,,new,2.0,
2026-01-31 08:01:53,DOGE,close_position,long,1849.702127659575,0.1129,208.831370212766,108.67,0.208831370212766,-8.717461157446795,,agent_decision,2.0,
2026-01-31 12:01:33,ETH,close_position,long,1.8835622688894649,2650.0,4991.440012557082,2580.0,4.991440012557082,-173.55142745547488,,stop_loss,2.0,
2026-01-31 12:01:33,SOL,open_long,long,1.438324282389449,116.01,166.86,83.43,0.16686,-0.16686,,new,2.0,
2026-01-31 16:01:54,SOL,close_position,long,1.438324282389449,110.0,158.21567106283942,83.43,0.1582156710628394,-8.802544608223437,,stop_loss,2.0,
2026-01-31 16:01:54,DOGE,open_long,long,4672.897196261682,0.107,500.0,500.0,0.5,-0.5,,new,1.0,
2026-01-31 20:01:30,DOGE,close_position,long,4672.897196261682,0.102,476.6355140186916,500.0,0.4766355140186916,-23.84112149532713,,stop_loss,1.0,
2026-01-31 20:01:30,SOL,open_long,long,4.909180166912126,101.85,500.0,500.0,0.5,-0.5,,new,1.0,
2026-02-01 00:02:09,DOGE,open_long,long,4798.464491362764,0.1042,500.0,500.0,0.5,-0.5,,new,1.0,
2026-02-01 12:02:30,ETH,open_long,long,0.2075593100728533,2408.95,500.0,500.0,0.5,-0.5,,new,1.0,
2026-02-01 16:02:08,ETH,close_position,long,0.2075593100728533,2350.0,487.76437867120535,500.0,0.4877643786712053,-12.723385707465871,,stop_loss,1.0,
2026-02-02 16:02:12,ETH,open_long,long,0.4219694156567531,2369.84,1000.0,1000.0,1.0,-1.0,,new,1.0,
2026-02-03 12:01:55,ETH,close_position,long,0.4219694156567531,2300.0,970.5296560105324,1000.0,0.9705296560105324,-30.44087364547824,,stop_loss,1.0,
2026-02-03 20:01:58,SOL,close_position,long,4.909180166912126,99.0,486.0088365243005,500.0,0.4860088365243005,-14.477172312223832,,stop_loss,1.0,
2026-02-03 20:01:58,ETH,open_long,long,0.90663064320911,2205.97,2000.0,1000.0,2.0,-2.0,,new,2.0,
2026-02-04 00:01:42,SOL,open_long,long,20.435271278226217,97.87,2000.0,1000.0,2.0,-2.0,,new,2.0,
2026-02-04 16:01:46,SOL,close_position,long,20.435271278226217,94.0,1920.9155001532645,1000.0,1.9209155001532645,-81.00541534688882,,stop_loss,2.0,
2026-02-04 20:01:08,ETH,close_position,long,0.90663064320911,2188.48,1984.143030050273,1000.0,1.984143030050273,-17.841112979777407,,agent_decision,2.0,
2026-02-05 00:01:40,SOL,open_long,long,21.71552660152009,92.1,2000.0,1000.0,2.0,-2.0,,new,2.0,
2026-02-05 00:01:40,BTC,open_short,short,-0.0273283777874945,73184.0,2000.0,1000.0,2.0,-2.0,,new,2.0,
2026-02-05 08:01:54,BTC,close_position,short,-0.0273283777874945,71000.0,1940.314822912112,1000.0,1.940314822912112,57.74486226497595,,take_profit,2.0,
2026-02-05 12:01:27,DOGE,close_position,long,4798.464491362764,0.1005,482.24568138195775,500.0,0.4822456813819578,-18.23656429942416,,stop_loss,1.0,
2026-02-05 16:02:10,SOL,close_position,long,21.71552660152009,89.5,1943.539630836048,1000.0,1.943539630836048,-58.40390879478816,,stop_loss,2.0,
2026-02-05 16:02:10,ETH,open_long,long,0.2549537513894979,1961.14,500.0,500.0,0.5,-0.5,,new,1.0,
2026-02-05 16:02:10,DOGE,open_long,long,3194.888178913738,0.0939,300.0,300.0,0.3,-0.3,,new,1.0,
2026-02-06 00:02:08,ETH,close_position,long,0.2549537513894979,1900.0,484.4121276400461,500.0,0.4844121276400461,-16.072284487593976,,stop_loss,1.0,
2026-02-06 00:02:08,DOGE,close_position,long,3194.888178913738,0.09,287.5399361022364,300.0,0.2875399361022364,-12.747603833865815,,stop_loss,1.0,
2026-02-06 00:02:08,SOL,open_long,long,6.346788525006347,78.78,500.0,500.0,0.5,-0.5,,new,1.0,
2026-02-06 04:01:39,DOGE,open_long,long,5561.735261401558,0.0899,500.0,500.0,0.5,-0.5,,new,1.0,
2026-02-06 08:02:22,BNB,open_long,long,0.8029548739360848,622.7,500.0,500.0,0.5,-0.5,,new,1.0,
2026-02-06 12:02:21,BNB,close_position,long,0.8029548739360848,635.4,510.19752689898826,500.0,0.5101975268989882,9.687329372089234,,agent_decision,1.0,
2026-02-06 16:02:08,DOGE,close_position,long,5561.735261401558,0.095,528.364849833148,500.0,0.528364849833148,27.83648498331484,,take_profit,1.0,
2026-02-06 16:02:08,ETH,open_long,long,0.2534738592408965,1972.59,500.0,500.0,0.5,-0.5,,new,1.0,
2026-02-06 20:01:51,SOL,close_position,long,6.346788525006347,85.0,539.4770246255395,500.0,0.5394770246255395,38.93754760091393,,take_profit,1.0,
2026-02-06 20:01:51,BNB,open_long,long,0.7595321282090233,658.3,500.0,500.0,0.5,-0.5,,new,1.0,
2026-02-07 00:01:44,SOL,open_long,long,5.719514985129261,87.42,500.0,500.0,0.5,-0.5,,new,1.0,
2026-02-07 08:02:10,BNB,close_position,long,0.7595321282090233,638.0,484.58149779735686,500.0,0.4845814977973569,-15.903083700440495,,agent_decision,1.0,
2026-02-07 16:02:03,ETH,open_long_merge,long,0.2437015338574541,2051.69,500.0,500.0,0.5,-0.5,,merge,1.0,
2026-02-08 04:01:53,SOL,open_long_merge,long,5.758378440631119,86.83,500.0,500.0,0.5,-0.5,,merge,1.0,
2026-02-08 08:01:35,DOGE,open_short,short,-10319.917440660474,0.0969,1000.0,1000.0,1.0,-1.0,,new,1.0,
2026-02-08 12:02:03,DOGE,close_position,short,-10319.917440660474,0.0982,1013.4158926728584,1000.0,1.0134158926728585,-14.42930856553143,,agent_decision,1.0,
2026-02-08 16:01:31,BNB,open_long,long,1.5532774153463809,643.8,1000.0,1000.0,1.0,-1.0,,new,1.0,
2026-02-09 00:01:34,BNB,close_position,long,1.5532774153463809,639.6,993.4762348555452,1000.0,0.9934762348555451,-7.517241379310239,,agent_decision,1.0,
2026-02-09 08:01:39,BTC,open_long,long,0.0142037384239531,70404.0,1000.0,1000.0,1.0,-1.0,,new,1.0,
2026-02-09 12:02:39,BTC,close_position,long,0.0142037384239531,69000.0,980.0579512527696,1000.0,0.9800579512527696,-20.92210669848304,,stop_loss,1.0,
2026-02-09 12:02:39,SOL,open_long_merge,long,11.971746677840295,83.53,1000.0,500.0,1.0,-1.0,,merge,2.0,
2026-02-09 16:02:12,DOGE,open_long,long,21030.49421661409,0.0951,2000.0,1000.0,2.0,-2.0,,new,2.0,
2026-02-10 20:01:42,SOL,close_position,long,23.44964010360068,83.02,1946.7891214009285,1500.0,1.9467891214009283,-55.15766772047262,,agent_decision,1.0,
2026-02-11 00:01:21,BNB,open_long,long,3.226326826907566,619.9,2000.0,1000.0,2.0,-2.0,,new,2.0,
2026-02-11 08:01:34,DOGE,close_position,long,21030.49421661409,0.092,1934.805467928496,1000.0,1.9348054679284965,-67.1293375394323,,stop_loss,2.0,
2026-02-11 12:02:10,BNB,close_position,long,3.226326826907566,600.0,1935.79609614454,1000.0,1.9357960961445395,-66.13969995160502,,stop_loss,2.0,
2026-02-11 12:02:10,DOGE,open_long,long,22197.558268590456,0.0901,2000.0,1000.0,2.0,-2.0,,new,2.0,
2026-02-11 16:01:39,ETH,close_position,long,0.4971753930983505,1950.0,969.4920165417836,1000.0,0.9694920165417836,-31.47747547475812,,stop_loss,1.0,
2026-02-11 16:01:39,BTC,open_long,long,0.0300926552856244,66461.4,2000.0,1000.0,2.0,-2.0,,new,2.0,
2026-02-11 20:02:04,ETH,open_long,long,0.5373620965426732,1950.64,1048.2,524.1,1.0482,-1.0482,,new,2.0,
2026-02-12 20:02:10,ETH,close_position,long,0.5373620965426732,1926.09,1035.0077605298773,524.1,1.0350077605298773,-14.227247230652605,,agent_decision,2.0,
2026-02-12 20:02:10,BTC,close_position,long,0.0300926552856244,66461.4,2000.0,1000.0,2.0,-2.0,,stop_loss,2.0,
2026-02-13 04:02:10,ETH,open_long,long,0.5118047771857903,1953.87,1000.0,500.0,1.0,-1.0,,new,2.0,
2026-02-13 08:01:45,DOGE,close_position,long,22197.558268590456,0.0931,2066.592674805772,1000.0,2.0665926748057712,64.52608213096565,,agent_decision,2.0,
2026-02-13 08:01:45,BNB,open_long,long,3.343922420999833,598.1,2000.0,1000.0,2.0,-2.0,,new,2.0,
2026-02-13 12:01:47,DOGE,open_long,long,21276.59574468085,0.094,2000.0,1000.0,2.0,-2.0,,new,2.0,
2026-02-13 20:02:10,ETH,close_position,long,0.5118047771857903,2050.0,1049.1997932308702,500.0,1.0491997932308703,48.15059343763921,,take_profit,2.0,
2026-02-14 08:01:58,BNB,close_position,long,3.343922420999833,620.0,2073.231901019896,1000.0,2.0732319010198963,71.15866911887638,,take_profit,2.0,
2026-02-14 08:01:58,BTC,open_long,long,0.0168881595673376,69227.2,1169.12,584.56,1.16912,-1.16912,,new,2.0,
2026-02-14 12:18:54,DOGE,close_position,long,21276.59574468085,0.1006,2140.4255319148933,1000.0,2.140425531914893,138.2851063829786,,agent_decision,2.0,
2026-02-14 16:01:25,DOGE,open_long,long,19230.76923076923,0.104,2000.0,1000.0,2.0,-2.0,,new,2.0,
2026-02-14 20:02:02,ETH,open_long,long,0.9576113342877526,2088.53,2000.0,1000.0,2.0,-2.0,,new,2.0,
2026-02-15 00:01:49,DOGE,close_position,long,19230.76923076923,0.1111,2136.538461538461,1000.0,2.136538461538461,134.40192307692325,,agent_decision,2.0,
2026-02-15 00:01:49,ETH,close_position,long,0.9576113342877526,2086.75,1998.295451824968,1000.0,1.998295451824968,-3.702843626857359,,agent_decision,2.0,
2026-02-15 04:01:33,DOGE,open_short,short,-8703.220191470844,0.1149,1000.0,500.0,1.0,-1.0,,new,2.0,
2026-02-15 08:02:05,DOGE,close_position,short,-8703.220191470844,0.1161,1010.4438642297648,500.0,1.0104438642297648,-11.454308093994715,,agent_decision,2.0,
2026-02-15 08:02:05,BTC,open_long_merge,long,0.014122099673779498,70811.0,1000.0,1000.0,1.0,-1.0,,merge,1.0,
