date,datetime,open,high,low,close,volume
2024-02-27 16:00:00+00:00,2024-02-27 16:00:00+00:00,3229.88,3376.53,3203.85,3349.08,174570.745122
2024-02-28 16:00:00+00:00,2024-02-28 16:00:00+00:00,3349.07,3523.8,3168.63,3468.06,329683.814555
2024-02-29 16:00:00+00:00,2024-02-29 16:00:00+00:00,3468.06,3470.49,3300.0,3390.89,172255.433973
2024-03-01 16:00:00+00:00,2024-03-01 16:00:00+00:00,3391.01,3460.66,3380.3,3418.18,116292.059084
2024-03-02 16:00:00+00:00,2024-03-02 16:00:00+00:00,3418.18,3447.29,3359.2,3422.18,101605.805949
2024-03-03 16:00:00+00:00,2024-03-03 16:00:00+00:00,3422.17,3568.04,3418.01,3559.43,169138.05874
2024-03-04 16:00:00+00:00,2024-03-04 16:00:00+00:00,3559.38,3821.99,3528.38,3782.56,249204.76067
2024-03-05 16:00:00+00:00,2024-03-05 16:00:00+00:00,3782.69,3903.4,3179.08,3790.83,472059.313672
2024-03-06 16:00:00+00:00,2024-03-06 16:00:00+00:00,3791.01,3893.61,3734.98,3836.87,135548.503969
2024-03-07 16:00:00+00:00,2024-03-07 16:00:00+00:00,3836.92,3995.0,3813.68,3900.92,149597.349223
2024-03-08 16:00:00+00:00,2024-03-08 16:00:00+00:00,3900.93,3977.01,3811.62,3917.14,111059.420073
2024-03-09 16:00:00+00:00,2024-03-09 16:00:00+00:00,3917.15,3964.15,3859.42,3883.86,92061.739997
2024-03-10 16:00:00+00:00,2024-03-10 16:00:00+00:00,3883.86,4065.0,3721.38,4020.0,183351.970132
2024-03-11 16:00:00+00:00,2024-03-11 16:00:00+00:00,4020.01,4092.66,3944.4,3988.23,214358.227485
2024-03-12 16:00:00+00:00,2024-03-12 16:00:00+00:00,3988.33,4081.25,3828.45,3963.22,174005.062143
2024-03-13 16:00:00+00:00,2024-03-13 16:00:00+00:00,3963.22,4021.63,3821.0,3845.2,155101.239754
2024-03-14 16:00:00+00:00,2024-03-14 16:00:00+00:00,3845.29,3934.54,3566.0,3689.44,314748.931713
2024-03-15 16:00:00+00:00,2024-03-15 16:00:00+00:00,3689.45,3805.9,3607.54,3679.22,148314.388462
2024-03-16 16:00:00+00:00,2024-03-16 16:00:00+00:00,3679.52,3680.0,3412.8,3627.78,253284.560808
2024-03-17 16:00:00+00:00,2024-03-17 16:00:00+00:00,3627.99,3679.49,3485.52,3525.19,154416.867773
2024-03-18 16:00:00+00:00,2024-03-18 16:00:00+00:00,3525.19,3563.63,3202.4,3302.98,322991.236505
2024-03-19 16:00:00+00:00,2024-03-19 16:00:00+00:00,3303.38,3397.47,3055.0,3293.15,345992.961689
2024-03-20 16:00:00+00:00,2024-03-20 16:00:00+00:00,3293.08,3586.48,3142.0,3497.69,267248.235559
2024-03-21 16:00:00+00:00,2024-03-21 16:00:00+00:00,3498.03,3546.27,3281.0,3349.24,210521.633611
2024-03-22 16:00:00+00:00,2024-03-22 16:00:00+00:00,3349.58,3423.2,3248.0,3405.47,149204.977587
2024-03-23 16:00:00+00:00,2024-03-23 16:00:00+00:00,3405.47,3435.06,3299.71,3397.45,81067.036538
2024-03-24 16:00:00+00:00,2024-03-24 16:00:00+00:00,3397.6,3587.5,3333.65,3580.9,129503.740504
2024-03-25 16:00:00+00:00,2024-03-25 16:00:00+00:00,3580.91,3679.0,3545.0,3593.26,150424.503081
2024-03-26 16:00:00+00:00,2024-03-26 16:00:00+00:00,3593.38,3667.11,3494.78,3514.16,140571.564186
2024-03-27 16:00:00+00:00,2024-03-27 16:00:00+00:00,3514.21,3611.63,3460.4,3579.31,118106.839217
2024-03-28 16:00:00+00:00,2024-03-28 16:00:00+00:00,3579.38,3584.38,3481.0,3488.42,97505.279664
2024-03-29 16:00:00+00:00,2024-03-29 16:00:00+00:00,3488.42,3565.68,3473.05,3536.2,71644.87816
2024-03-30 16:00:00+00:00,2024-03-30 16:00:00+00:00,3536.4,3638.84,3485.09,3617.28,76347.089542
2024-03-31 16:00:00+00:00,2024-03-31 16:00:00+00:00,3617.29,3655.63,3436.59,3443.78,129143.877621
2024-04-01 16:00:00+00:00,2024-04-01 16:00:00+00:00,3443.78,3515.3,3231.0,3240.1,214643.535229
2024-04-02 16:00:00+00:00,2024-04-02 16:00:00+00:00,3240.37,3364.57,3201.36,3328.61,162638.48769
2024-04-03 16:00:00+00:00,2024-04-03 16:00:00+00:00,3328.61,3395.4,3251.0,3364.1,112649.299167
2024-04-04 16:00:00+00:00,2024-04-04 16:00:00+00:00,3364.18,3443.98,3207.14,3326.35,177966.002057
2024-04-05 16:00:00+00:00,2024-04-05 16:00:00+00:00,3326.59,3362.1,3305.54,3335.62,58429.27247
2024-04-06 16:00:00+00:00,2024-04-06 16:00:00+00:00,3335.62,3422.5,3331.09,3389.71,63171.466073
2024-04-07 16:00:00+00:00,2024-04-07 16:00:00+00:00,3389.72,3671.79,3367.74,3629.58,164854.465889
2024-04-08 16:00:00+00:00,2024-04-08 16:00:00+00:00,3629.59,3730.72,3478.33,3529.48,173390.869722
2024-04-09 16:00:00+00:00,2024-04-09 16:00:00+00:00,3529.88,3555.13,3410.0,3478.73,140002.858996
2024-04-10 16:00:00+00:00,2024-04-10 16:00:00+00:00,3478.41,3617.79,3469.02,3508.8,116692.293051
2024-04-11 16:00:00+00:00,2024-04-11 16:00:00+00:00,3508.21,3552.8,3437.72,3440.71,90790.848618
2024-04-12 16:00:00+00:00,2024-04-12 16:00:00+00:00,3440.71,3454.25,3060.0,3272.19,295813.79626
2024-04-13 16:00:00+00:00,2024-04-13 16:00:00+00:00,3272.01,3279.78,2791.53,3055.01,503690.944142
2024-04-14 16:00:00+00:00,2024-04-14 16:00:00+00:00,3055.77,3278.18,2978.14,3162.67,217989.906548
2024-04-15 16:00:00+00:00,2024-04-15 16:00:00+00:00,3163.13,3179.68,2986.0,3009.6,222345.893837
2024-04-16 16:00:00+00:00,2024-04-16 16:00:00+00:00,3009.19,3123.99,2926.2,2946.02,161717.588602
2024-04-17 16:00:00+00:00,2024-04-17 16:00:00+00:00,2946.02,3094.2,2914.0,3069.22,162579.833239
2024-04-18 16:00:00+00:00,2024-04-18 16:00:00+00:00,3069.23,3129.3,2864.61,3081.0,212750.818448
2024-04-19 16:00:00+00:00,2024-04-19 16:00:00+00:00,3081.0,3114.97,3017.82,3109.47,76167.754198
2024-04-20 16:00:00+00:00,2024-04-20 16:00:00+00:00,3109.61,3197.15,3087.21,3159.1,63232.004815
2024-04-21 16:00:00+00:00,2024-04-21 16:00:00+00:00,3159.38,3236.83,3116.2,3183.59,86898.45099
2024-04-22 16:00:00+00:00,2024-04-22 16:00:00+00:00,3183.58,3264.0,3151.77,3225.69,84815.781441
2024-04-23 16:00:00+00:00,2024-04-23 16:00:00+00:00,3225.93,3293.78,3168.0,3175.48,96042.474031
2024-04-24 16:00:00+00:00,2024-04-24 16:00:00+00:00,3175.48,3193.74,3072.0,3159.81,235246.209421
2024-04-25 16:00:00+00:00,2024-04-25 16:00:00+00:00,3159.76,3191.7,3102.04,3117.52,88567.530764
2024-04-26 16:00:00+00:00,2024-04-26 16:00:00+00:00,3117.8,3166.52,3067.16,3144.41,70231.626253
2024-04-27 16:00:00+00:00,2024-04-27 16:00:00+00:00,3144.8,3339.95,3142.49,3320.8,125648.256329
2024-04-28 16:00:00+00:00,2024-04-28 16:00:00+00:00,3320.81,3367.84,3115.22,3182.19,151194.27318
2024-04-29 16:00:00+00:00,2024-04-29 16:00:00+00:00,3182.4,3251.4,2965.01,2993.89,164866.550987
2024-04-30 16:00:00+00:00,2024-04-30 16:00:00+00:00,2994.17,3030.0,2816.15,2885.8,209056.637176
2024-05-01 16:00:00+00:00,2024-05-01 16:00:00+00:00,2885.61,3016.0,2868.4,2990.21,174512.493684
2024-05-02 16:00:00+00:00,2024-05-02 16:00:00+00:00,2990.12,3086.11,2958.15,3075.19,120792.471359
2024-05-03 16:00:00+00:00,2024-05-03 16:00:00+00:00,3075.91,3168.68,3062.5,3126.43,70041.720348
2024-05-04 16:00:00+00:00,2024-05-04 16:00:00+00:00,3126.49,3172.58,3071.51,3160.01,65381.606106
2024-05-05 16:00:00+00:00,2024-05-05 16:00:00+00:00,3160.37,3221.97,3055.47,3089.66,97981.234322
2024-05-06 16:00:00+00:00,2024-05-06 16:00:00+00:00,3089.66,3130.32,3020.0,3071.38,87967.722041
2024-05-07 16:00:00+00:00,2024-05-07 16:00:00+00:00,3071.42,3079.6,2978.27,3007.39,81905.061674
2024-05-08 16:00:00+00:00,2024-05-08 16:00:00+00:00,3007.39,3024.15,2936.0,3006.12,62454.088321
2024-05-09 16:00:00+00:00,2024-05-09 16:00:00+00:00,3006.12,3059.58,2905.73,2918.4,77136.424858
2024-05-10 16:00:00+00:00,2024-05-10 16:00:00+00:00,2918.75,2946.26,2876.01,2925.99,64759.800177
2024-05-11 16:00:00+00:00,2024-05-11 16:00:00+00:00,2926.16,2943.99,2901.6,2938.02,28999.166935
2024-05-12 16:00:00+00:00,2024-05-12 16:00:00+00:00,2938.02,2996.8,2863.81,2961.32,87831.664792
2024-05-13 16:00:00+00:00,2024-05-13 16:00:00+00:00,2961.73,2978.18,2869.95,2898.58,77339.749309
2024-05-14 16:00:00+00:00,2024-05-14 16:00:00+00:00,2898.59,2992.5,2861.01,2976.78,75046.912136
2024-05-15 16:00:00+00:00,2024-05-15 16:00:00+00:00,2976.62,3041.58,2931.12,2956.91,102606.542419
2024-05-16 16:00:00+00:00,2024-05-16 16:00:00+00:00,2956.91,3118.0,2922.5,3111.92,109461.211638
2024-05-17 16:00:00+00:00,2024-05-17 16:00:00+00:00,3111.78,3146.97,3067.41,3111.32,53777.79943
2024-05-18 16:00:00+00:00,2024-05-18 16:00:00+00:00,3111.32,3136.99,3063.26,3077.35,41295.5385
2024-05-19 16:00:00+00:00,2024-05-19 16:00:00+00:00,3077.42,3140.0,3048.02,3118.2,54327.608567
2024-05-20 16:00:00+00:00,2024-05-20 16:00:00+00:00,3118.78,3836.08,3110.59,3777.78,418926.845494
2024-05-21 16:00:00+00:00,2024-05-21 16:00:00+00:00,3777.78,3842.32,3653.47,3761.46,204817.14697
2024-05-22 16:00:00+00:00,2024-05-22 16:00:00+00:00,3761.45,3948.05,3700.22,3813.46,225427.47952
2024-05-23 16:00:00+00:00,2024-05-23 16:00:00+00:00,3813.45,3905.51,3523.77,3693.8,350897.902972
2024-05-24 16:00:00+00:00,2024-05-24 16:00:00+00:00,3693.98,3779.5,3655.37,3744.49,58931.223643
2024-05-25 16:00:00+00:00,2024-05-25 16:00:00+00:00,3744.49,3875.65,3730.11,3832.58,58789.23814
2024-05-26 16:00:00+00:00,2024-05-26 16:00:00+00:00,3832.79,3980.0,3817.79,3964.03,119438.500748
2024-05-27 16:00:00+00:00,2024-05-27 16:00:00+00:00,3963.8,3974.4,3822.5,3860.91,115331.756305
2024-05-28 16:00:00+00:00,2024-05-28 16:00:00+00:00,3861.1,3888.88,3750.65,3760.56,104485.574281
2024-05-29 16:00:00+00:00,2024-05-29 16:00:00+00:00,3760.12,3802.0,3703.13,3776.45,79420.86763
2024-05-30 16:00:00+00:00,2024-05-30 16:00:00+00:00,3776.29,3851.8,3719.01,3744.71,82565.548851
2024-05-31 16:00:00+00:00,2024-05-31 16:00:00+00:00,3744.71,3814.66,3722.33,3798.83,63043.930972
2024-06-01 16:00:00+00:00,2024-06-01 16:00:00+00:00,3798.83,3838.14,3769.99,3799.56,36078.809871
2024-06-02 16:00:00+00:00,2024-06-02 16:00:00+00:00,3799.57,3851.33,3752.5,3796.73,70611.322455
2024-06-03 16:00:00+00:00,2024-06-03 16:00:00+00:00,3796.91,3818.3,3729.57,3810.79,69538.759289
2024-06-04 16:00:00+00:00,2024-06-04 16:00:00+00:00,3810.98,3840.44,3776.85,3813.19,79615.207985
2024-06-05 16:00:00+00:00,2024-06-05 16:00:00+00:00,3813.19,3887.09,3796.4,3844.61,56109.46818
2024-06-06 16:00:00+00:00,2024-06-06 16:00:00+00:00,3844.61,3855.56,3758.8,3800.8,67605.823707
2024-06-07 16:00:00+00:00,2024-06-07 16:00:00+00:00,3800.81,3808.26,3568.0,3686.81,128127.586401
2024-06-08 16:00:00+00:00,2024-06-08 16:00:00+00:00,3686.82,3712.74,3666.89,3690.61,35368.775674
2024-06-09 16:00:00+00:00,2024-06-09 16:00:00+00:00,3690.61,3727.33,3644.0,3702.0,36466.892239
2024-06-10 16:00:00+00:00,2024-06-10 16:00:00+00:00,3702.3,3705.86,3429.8,3446.91,150556.748228
2024-06-11 16:00:00+00:00,2024-06-11 16:00:00+00:00,3446.91,3657.31,3432.0,3618.37,108884.312565
2024-06-12 16:00:00+00:00,2024-06-12 16:00:00+00:00,3618.59,3625.23,3433.09,3442.97,117030.769049
2024-06-13 16:00:00+00:00,2024-06-13 16:00:00+00:00,3442.74,3532.27,3427.89,3461.54,60898.785149
2024-06-14 16:00:00+00:00,2024-06-14 16:00:00+00:00,3461.55,3594.62,3362.43,3565.55,118386.171257
2024-06-15 16:00:00+00:00,2024-06-15 16:00:00+00:00,3565.55,3612.98,3536.3,3591.76,46252.13389
2024-06-16 16:00:00+00:00,2024-06-16 16:00:00+00:00,3591.76,3654.82,3485.0,3497.19,85825.376165
2024-06-17 16:00:00+00:00,2024-06-17 16:00:00+00:00,3496.99,3577.99,3350.0,3423.8,128580.716886
2024-06-18 16:00:00+00:00,2024-06-18 16:00:00+00:00,3424.41,3584.93,3386.63,3529.58,94520.064911
2024-06-19 16:00:00+00:00,2024-06-19 16:00:00+00:00,3529.58,3625.19,3491.66,3506.88,98349.487726
2024-06-20 16:00:00+00:00,2024-06-20 16:00:00+00:00,3506.84,3542.19,3446.45,3492.67,82003.493636
2024-06-21 16:00:00+00:00,2024-06-21 16:00:00+00:00,3492.61,3547.35,3470.81,3505.69,36878.087541
2024-06-22 16:00:00+00:00,2024-06-22 16:00:00+00:00,3505.7,3521.69,3471.91,3475.4,34788.108308
2024-06-23 16:00:00+00:00,2024-06-23 16:00:00+00:00,3475.41,3483.32,3212.33,3280.77,145428.262502
2024-06-24 16:00:00+00:00,2024-06-24 16:00:00+00:00,3280.59,3424.78,3241.71,3418.8,103297.204774
2024-06-25 16:00:00+00:00,2024-06-25 16:00:00+00:00,3419.03,3430.49,3346.35,3361.42,46404.862986
2024-06-26 16:00:00+00:00,2024-06-26 16:00:00+00:00,3361.76,3478.09,3326.42,3452.46,66723.893395
2024-06-27 16:00:00+00:00,2024-06-27 16:00:00+00:00,3452.82,3490.99,3403.57,3413.55,54679.779254
2024-06-28 16:00:00+00:00,2024-06-28 16:00:00+00:00,3413.54,3417.16,3365.74,3394.28,35224.689136
2024-06-29 16:00:00+00:00,2024-06-29 16:00:00+00:00,3394.29,3404.0,3353.02,3399.93,27909.293575
2024-06-30 16:00:00+00:00,2024-06-30 16:00:00+00:00,3399.94,3524.0,3391.49,3474.41,58817.188427
2024-07-01 16:00:00+00:00,2024-07-01 16:00:00+00:00,3474.42,3498.88,3401.51,3416.37,39540.437998
2024-07-02 16:00:00+00:00,2024-07-02 16:00:00+00:00,3416.2,3434.2,3275.0,3304.4,79415.220094
2024-07-03 16:00:00+00:00,2024-07-03 16:00:00+00:00,3304.4,3322.12,3088.38,3138.76,117849.643334
2024-07-04 16:00:00+00:00,2024-07-04 16:00:00+00:00,3139.02,3169.54,2806.0,2991.2,286251.412026
2024-07-05 16:00:00+00:00,2024-07-05 16:00:00+00:00,2991.2,3031.0,2955.02,3020.21,62565.141589
2024-07-06 16:00:00+00:00,2024-07-06 16:00:00+00:00,3020.21,3082.22,2955.2,2971.46,52785.363532
2024-07-07 16:00:00+00:00,2024-07-07 16:00:00+00:00,2971.47,3099.41,2822.14,2968.62,154840.802701
2024-07-08 16:00:00+00:00,2024-07-08 16:00:00+00:00,2969.2,3115.16,2945.22,3067.42,73926.2254
2024-07-09 16:00:00+00:00,2024-07-09 16:00:00+00:00,3067.42,3130.96,3024.1,3122.65,80238.197397
2024-07-10 16:00:00+00:00,2024-07-10 16:00:00+00:00,3122.65,3216.62,3054.24,3118.16,78959.472974
2024-07-11 16:00:00+00:00,2024-07-11 16:00:00+00:00,3118.17,3148.38,3045.8,3131.6,58637.02332
2024-07-12 16:00:00+00:00,2024-07-12 16:00:00+00:00,3131.41,3171.12,3089.79,3155.11,44310.207829
2024-07-13 16:00:00+00:00,2024-07-13 16:00:00+00:00,3155.12,3226.36,3143.93,3191.0,53466.403715
2024-07-14 16:00:00+00:00,2024-07-14 16:00:00+00:00,3190.93,3394.82,3183.33,3367.92,77238.809002
2024-07-15 16:00:00+00:00,2024-07-15 16:00:00+00:00,3367.73,3498.85,3346.31,3476.23,136363.432362
2024-07-16 16:00:00+00:00,2024-07-16 16:00:00+00:00,3476.23,3517.71,3414.2,3437.71,85567.701374
2024-07-17 16:00:00+00:00,2024-07-17 16:00:00+00:00,3437.79,3489.56,3375.98,3389.38,63447.665002
2024-07-18 16:00:00+00:00,2024-07-18 16:00:00+00:00,3389.38,3474.77,3367.37,3464.94,65738.871502
2024-07-19 16:00:00+00:00,2024-07-19 16:00:00+00:00,3464.93,3540.33,3464.39,3503.61,52317.405373
2024-07-20 16:00:00+00:00,2024-07-20 16:00:00+00:00,3503.68,3539.8,3475.97,3499.64,42712.187121
2024-07-21 16:00:00+00:00,2024-07-21 16:00:00+00:00,3499.96,3563.0,3411.0,3457.08,96681.340945
2024-07-22 16:00:00+00:00,2024-07-22 16:00:00+00:00,3457.25,3540.98,3422.59,3454.03,111352.677841
2024-07-23 16:00:00+00:00,2024-07-23 16:00:00+00:00,3454.04,3501.84,3389.0,3415.36,90407.203429
2024-07-24 16:00:00+00:00,2024-07-24 16:00:00+00:00,3415.4,3432.79,3104.28,3142.0,175785.448464
2024-07-25 16:00:00+00:00,2024-07-25 16:00:00+00:00,3142.01,3276.96,3087.01,3254.97,121217.104691
2024-07-26 16:00:00+00:00,2024-07-26 16:00:00+00:00,3254.97,3327.78,3241.6,3281.36,50289.688044
2024-07-27 16:00:00+00:00,2024-07-27 16:00:00+00:00,3281.36,3295.1,3190.31,3268.9,73417.095221
2024-07-28 16:00:00+00:00,2024-07-28 16:00:00+00:00,3268.97,3397.33,3250.0,3308.23,88605.413123
2024-07-29 16:00:00+00:00,2024-07-29 16:00:00+00:00,3308.2,3366.5,3257.4,3321.4,83782.539845
2024-07-30 16:00:00+00:00,2024-07-30 16:00:00+00:00,3321.01,3349.99,3233.09,3302.29,60095.922128
2024-07-31 16:00:00+00:00,2024-07-31 16:00:00+00:00,3302.35,3326.8,3102.41,3116.8,108806.187964
2024-08-01 16:00:00+00:00,2024-08-01 16:00:00+00:00,3116.81,3219.13,2982.93,3039.3,115408.687457
2024-08-02 16:00:00+00:00,2024-08-02 16:00:00+00:00,3039.01,3048.6,2914.22,2942.41,83470.595731
2024-08-03 16:00:00+00:00,2024-08-03 16:00:00+00:00,2942.4,2955.4,2820.01,2827.3,93691.830374
2024-08-04 16:00:00+00:00,2024-08-04 16:00:00+00:00,2827.4,2838.66,2084.69,2450.75,1096759.862286
2024-08-05 16:00:00+00:00,2024-08-05 16:00:00+00:00,2450.66,2555.3,2363.0,2527.53,287545.863042
2024-08-06 16:00:00+00:00,2024-08-06 16:00:00+00:00,2527.36,2552.17,2363.8,2412.86,196306.552311
2024-08-07 16:00:00+00:00,2024-08-07 16:00:00+00:00,2412.9,2527.95,2308.0,2507.19,165890.491419
2024-08-08 16:00:00+00:00,2024-08-08 16:00:00+00:00,2507.2,2725.12,2503.91,2558.42,192272.466919
2024-08-09 16:00:00+00:00,2024-08-09 16:00:00+00:00,2558.41,2645.0,2552.25,2599.6,68279.475042
2024-08-10 16:00:00+00:00,2024-08-10 16:00:00+00:00,2599.79,2720.0,2589.57,2614.15,73513.69592
2024-08-11 16:00:00+00:00,2024-08-11 16:00:00+00:00,2614.15,2722.98,2509.23,2689.46,170604.094738
2024-08-12 16:00:00+00:00,2024-08-12 16:00:00+00:00,2689.2,2750.42,2610.65,2652.0,124844.337656
2024-08-13 16:00:00+00:00,2024-08-13 16:00:00+00:00,2652.01,2784.12,2632.34,2673.91,133568.991211
2024-08-14 16:00:00+00:00,2024-08-14 16:00:00+00:00,2673.91,2680.22,2588.58,2668.39,83597.147251
2024-08-15 16:00:00+00:00,2024-08-15 16:00:00+00:00,2668.3,2675.1,2515.43,2568.98,104102.111789
2024-08-16 16:00:00+00:00,2024-08-16 16:00:00+00:00,2568.91,2631.27,2564.2,2606.69,37612.340575
2024-08-17 16:00:00+00:00,2024-08-17 16:00:00+00:00,2606.7,2687.96,2594.5,2672.19,44351.307335
2024-08-18 16:00:00+00:00,2024-08-18 16:00:00+00:00,2672.2,2678.6,2563.3,2584.61,60128.683737
2024-08-19 16:00:00+00:00,2024-08-19 16:00:00+00:00,2584.51,2695.6,2555.0,2574.84,87617.711973
2024-08-20 16:00:00+00:00,2024-08-20 16:00:00+00:00,2574.81,2618.0,2535.04,2601.63,66331.322136
2024-08-21 16:00:00+00:00,2024-08-21 16:00:00+00:00,2601.86,2664.33,2584.05,2599.59,64685.520315
2024-08-22 16:00:00+00:00,2024-08-22 16:00:00+00:00,2599.58,2699.61,2597.52,2670.89,77926.032395
2024-08-23 16:00:00+00:00,2024-08-23 16:00:00+00:00,2670.81,2799.75,2663.2,2760.8,90132.88909
2024-08-24 16:00:00+00:00,2024-08-24 16:00:00+00:00,2761.2,2820.4,2730.98,2763.79,67890.254624
2024-08-25 16:00:00+00:00,2024-08-25 16:00:00+00:00,2763.8,2792.7,2702.88,2721.59,52237.964307
2024-08-26 16:00:00+00:00,2024-08-26 16:00:00+00:00,2721.5,2732.2,2552.2,2579.01,87897.478064
2024-08-27 16:00:00+00:00,2024-08-27 16:00:00+00:00,2579.0,2592.0,2391.67,2496.41,161483.244611
2024-08-28 16:00:00+00:00,2024-08-28 16:00:00+00:00,2496.4,2595.96,2455.96,2575.84,81258.036685
2024-08-29 16:00:00+00:00,2024-08-29 16:00:00+00:00,2575.99,2585.7,2435.25,2448.8,79832.946314
2024-08-30 16:00:00+00:00,2024-08-30 16:00:00+00:00,2448.8,2542.41,2431.44,2519.31,47929.119133
2024-08-31 16:00:00+00:00,2024-08-31 16:00:00+00:00,2519.4,2529.0,2437.43,2480.99,58357.212206
2024-09-01 16:00:00+00:00,2024-09-01 16:00:00+00:00,2480.84,2538.94,2398.31,2513.37,84067.962609
2024-09-02 16:00:00+00:00,2024-09-02 16:00:00+00:00,2513.38,2565.97,2436.0,2444.2,53854.289436
2024-09-03 16:00:00+00:00,2024-09-03 16:00:00+00:00,2444.21,2470.0,2303.4,2455.2,129195.292023
2024-09-04 16:00:00+00:00,2024-09-04 16:00:00+00:00,2455.12,2490.25,2355.52,2371.41,77209.84824
2024-09-05 16:00:00+00:00,2024-09-05 16:00:00+00:00,2371.3,2409.96,2265.29,2290.09,133054.296231
2024-09-06 16:00:00+00:00,2024-09-06 16:00:00+00:00,2290.42,2311.47,2150.0,2300.61,195069.159767
2024-09-07 16:00:00+00:00,2024-09-07 16:00:00+00:00,2300.61,2310.0,2240.0,2245.38,73380.876186
2024-09-08 16:00:00+00:00,2024-09-08 16:00:00+00:00,2245.39,2340.35,2242.92,2292.21,100543.277023
2024-09-09 16:00:00+00:00,2024-09-09 16:00:00+00:00,2292.59,2382.0,2291.17,2325.07,90005.885202
2024-09-10 16:00:00+00:00,2024-09-10 16:00:00+00:00,2324.87,2400.0,2277.47,2326.03,99623.200025
2024-09-11 16:00:00+00:00,2024-09-11 16:00:00+00:00,2326.01,2392.62,2315.21,2323.2,74919.948994
2024-09-12 16:00:00+00:00,2024-09-12 16:00:00+00:00,2323.21,2412.27,2322.41,2407.89,61835.733587
2024-09-13 16:00:00+00:00,2024-09-13 16:00:00+00:00,2407.89,2466.66,2396.21,2418.83,72763.597657
2024-09-14 16:00:00+00:00,2024-09-14 16:00:00+00:00,2418.84,2431.1,2374.25,2408.8,46747.567173
2024-09-15 16:00:00+00:00,2024-09-15 16:00:00+00:00,2408.8,2409.19,2252.4,2287.17,147694.307894
2024-09-16 16:00:00+00:00,2024-09-16 16:00:00+00:00,2287.59,2394.2,2262.88,2383.78,111177.203356
2024-09-17 16:00:00+00:00,2024-09-17 16:00:00+00:00,2383.78,2389.83,2276.76,2296.15,72542.923582
2024-09-18 16:00:00+00:00,2024-09-18 16:00:00+00:00,2296.14,2452.84,2287.65,2439.92,151487.006306
2024-09-19 16:00:00+00:00,2024-09-19 16:00:00+00:00,2439.95,2571.82,2433.34,2560.09,152795.217763
2024-09-20 16:00:00+00:00,2024-09-20 16:00:00+00:00,2560.33,2587.6,2525.25,2559.79,65263.524091
2024-09-21 16:00:00+00:00,2024-09-21 16:00:00+00:00,2559.8,2633.13,2554.04,2570.64,64524.91138
2024-09-22 16:00:00+00:00,2024-09-22 16:00:00+00:00,2570.63,2687.41,2524.25,2675.59,114894.68714
2024-09-23 16:00:00+00:00,2024-09-23 16:00:00+00:00,2675.59,2703.59,2592.17,2612.98,122076.678586
2024-09-24 16:00:00+00:00,2024-09-24 16:00:00+00:00,2612.99,2674.43,2595.61,2600.79,93283.406339
2024-09-25 16:00:00+00:00,2024-09-25 16:00:00+00:00,2600.79,2664.0,2554.65,2651.95,106538.859801
2024-09-26 16:00:00+00:00,2024-09-26 16:00:00+00:00,2651.95,2699.5,2615.0,2683.76,108344.495586
2024-09-27 16:00:00+00:00,2024-09-27 16:00:00+00:00,2683.76,2728.74,2650.0,2669.94,63277.856273
2024-09-28 16:00:00+00:00,2024-09-28 16:00:00+00:00,2669.95,2684.76,2634.01,2666.2,51324.588978
2024-09-29 16:00:00+00:00,2024-09-29 16:00:00+00:00,2666.21,2673.67,2591.42,2596.38,108020.713346
2024-09-30 16:00:00+00:00,2024-09-30 16:00:00+00:00,2596.39,2659.0,2480.35,2524.52,132414.686911
2024-10-01 16:00:00+00:00,2024-10-01 16:00:00+00:00,2524.53,2531.4,2412.58,2460.47,165114.177793
2024-10-02 16:00:00+00:00,2024-10-02 16:00:00+00:00,2460.59,2478.62,2310.0,2340.5,150669.580432
2024-10-03 16:00:00+00:00,2024-10-03 16:00:00+00:00,2340.61,2418.06,2311.42,2416.95,80285.225261
2024-10-04 16:00:00+00:00,2024-10-04 16:00:00+00:00,2417.0,2441.91,2390.0,2415.0,45581.371164
2024-10-05 16:00:00+00:00,2024-10-05 16:00:00+00:00,2415.01,2458.2,2390.1,2446.83,36075.594128
2024-10-06 16:00:00+00:00,2024-10-06 16:00:00+00:00,2446.81,2521.67,2415.0,2474.37,90804.922949
2024-10-07 16:00:00+00:00,2024-10-07 16:00:00+00:00,2474.38,2481.18,2400.82,2419.49,84833.752726
2024-10-08 16:00:00+00:00,2024-10-08 16:00:00+00:00,2419.21,2473.8,2411.08,2461.19,68293.232299
2024-10-09 16:00:00+00:00,2024-10-09 16:00:00+00:00,2461.2,2462.46,2351.0,2404.64,92315.66722
2024-10-10 16:00:00+00:00,2024-10-10 16:00:00+00:00,2404.61,2454.0,2330.0,2443.8,95055.428867
2024-10-11 16:00:00+00:00,2024-10-11 16:00:00+00:00,2443.81,2483.99,2433.4,2472.89,67078.836509
2024-10-12 16:00:00+00:00,2024-10-12 16:00:00+00:00,2472.99,2491.0,2436.49,2440.42,41588.764995
2024-10-13 16:00:00+00:00,2024-10-13 16:00:00+00:00,2440.43,2643.36,2437.9,2635.3,144823.0636
2024-10-14 16:00:00+00:00,2024-10-14 16:00:00+00:00,2635.3,2689.0,2536.58,2573.31,153974.638194
2024-10-15 16:00:00+00:00,2024-10-15 16:00:00+00:00,2573.45,2647.5,2563.4,2607.59,117004.941785
2024-10-16 16:00:00+00:00,2024-10-16 16:00:00+00:00,2607.59,2648.0,2583.6,2630.59,84781.608778
2024-10-17 16:00:00+00:00,2024-10-17 16:00:00+00:00,2630.6,2663.92,2575.43,2653.39,102861.968008
2024-10-18 16:00:00+00:00,2024-10-18 16:00:00+00:00,2653.39,2675.99,2629.32,2645.67,53733.200206
2024-10-19 16:00:00+00:00,2024-10-19 16:00:00+00:00,2645.67,2720.79,2635.84,2706.49,54628.961352
2024-10-20 16:00:00+00:00,2024-10-20 16:00:00+00:00,2706.49,2769.72,2659.02,2679.35,134030.875064
2024-10-21 16:00:00+00:00,2024-10-21 16:00:00+00:00,2679.36,2684.6,2606.06,2624.01,103639.788507
2024-10-22 16:00:00+00:00,2024-10-22 16:00:00+00:00,2624.01,2644.18,2529.01,2540.39,84980.53821
2024-10-23 16:00:00+00:00,2024-10-23 16:00:00+00:00,2540.4,2562.19,2441.55,2525.91,123638.111766
2024-10-24 16:00:00+00:00,2024-10-24 16:00:00+00:00,2525.9,2566.51,2461.8,2524.8,96211.530895
2024-10-25 16:00:00+00:00,2024-10-25 16:00:00+00:00,2525.0,2536.9,2380.24,2457.61,134260.086454
2024-10-26 16:00:00+00:00,2024-10-26 16:00:00+00:00,2457.62,2508.5,2455.36,2502.08,44120.620682
2024-10-27 16:00:00+00:00,2024-10-27 16:00:00+00:00,2502.1,2544.79,2471.4,2501.02,72307.251636
2024-10-28 16:00:00+00:00,2024-10-28 16:00:00+00:00,2501.09,2650.76,2487.44,2648.31,124404.741127
2024-10-29 16:00:00+00:00,2024-10-29 16:00:00+00:00,2648.3,2723.01,2600.01,2682.9,147101.23067
2024-10-30 16:00:00+00:00,2024-10-30 16:00:00+00:00,2682.9,2695.99,2541.2,2562.61,136579.6925
2024-10-31 16:00:00+00:00,2024-10-31 16:00:00+00:00,2562.61,2587.0,2466.02,2500.11,150417.456002
2024-11-01 16:00:00+00:00,2024-11-01 16:00:00+00:00,2500.1,2538.0,2470.0,2488.79,59891.633493
2024-11-02 16:00:00+00:00,2024-11-02 16:00:00+00:00,2488.79,2497.79,2413.08,2442.75,69071.036723
2024-11-03 16:00:00+00:00,2024-11-03 16:00:00+00:00,2442.74,2491.4,2410.0,2442.8,62021.834631
2024-11-04 16:00:00+00:00,2024-11-04 16:00:00+00:00,2442.93,2480.53,2357.33,2440.85,132908.889138
2024-11-05 16:00:00+00:00,2024-11-05 16:00:00+00:00,2440.96,2666.66,2400.77,2634.21,287430.591341
2024-11-06 16:00:00+00:00,2024-11-06 16:00:00+00:00,2634.21,2880.08,2633.33,2847.49,233361.895384
2024-11-07 16:00:00+00:00,2024-11-07 16:00:00+00:00,2847.78,2956.49,2823.37,2936.8,198933.402131
2024-11-08 16:00:00+00:00,2024-11-08 16:00:00+00:00,2936.89,3059.51,2890.32,3041.22,172331.589781
2024-11-09 16:00:00+00:00,2024-11-09 16:00:00+00:00,3041.0,3237.78,2991.18,3209.49,221185.780541
2024-11-10 16:00:00+00:00,2024-11-10 16:00:00+00:00,3209.55,3258.51,3069.48,3237.35,278924.817259
2024-11-11 16:00:00+00:00,2024-11-11 16:00:00+00:00,3237.34,3444.22,3208.08,3261.47,473053.962508
2024-11-12 16:00:00+00:00,2024-11-12 16:00:00+00:00,3262.05,3327.7,3116.72,3309.47,254499.416673
2024-11-13 16:00:00+00:00,2024-11-13 16:00:00+00:00,3309.47,3331.0,3056.85,3077.61,228624.843429
2024-11-14 16:00:00+00:00,2024-11-14 16:00:00+00:00,3077.62,3184.19,3015.0,3023.7,164576.72638
2024-11-15 16:00:00+00:00,2024-11-15 16:00:00+00:00,3023.61,3220.0,3015.6,3141.02,133769.937991
2024-11-16 16:00:00+00:00,2024-11-16 16:00:00+00:00,3141.02,3185.0,3035.0,3086.37,107199.160174
2024-11-17 16:00:00+00:00,2024-11-17 16:00:00+00:00,3086.75,3157.75,3042.95,3143.81,135382.201775
2024-11-18 16:00:00+00:00,2024-11-18 16:00:00+00:00,3143.52,3224.72,3075.39,3103.94,183675.369346
2024-11-19 16:00:00+00:00,2024-11-19 16:00:00+00:00,3104.7,3159.18,3065.21,3129.6,146189.922559
2024-11-20 16:00:00+00:00,2024-11-20 16:00:00+00:00,3129.59,3371.62,3029.51,3277.21,310956.947509
2024-11-21 16:00:00+00:00,2024-11-21 16:00:00+00:00,3277.2,3426.46,3258.06,3314.01,249954.600781
2024-11-22 16:00:00+00:00,2024-11-22 16:00:00+00:00,3313.88,3500.0,3265.0,3460.47,201122.813813
2024-11-23 16:00:00+00:00,2024-11-23 16:00:00+00:00,3460.75,3470.9,3281.53,3294.33,142971.26776
2024-11-24 16:00:00+00:00,2024-11-24 16:00:00+00:00,3294.33,3537.6,3286.64,3518.0,231607.614375
2024-11-25 16:00:00+00:00,2024-11-25 16:00:00+00:00,3517.99,3546.77,3280.27,3296.61,229653.006996
2024-11-26 16:00:00+00:00,2024-11-26 16:00:00+00:00,3296.61,3573.07,3252.59,3552.2,175849.845243
2024-11-27 16:00:00+00:00,2024-11-27 16:00:00+00:00,3552.21,3685.31,3534.28,3541.98,206597.615664
2024-11-28 16:00:00+00:00,2024-11-28 16:00:00+00:00,3542.07,3645.8,3530.11,3613.8,108441.710254
2024-11-29 16:00:00+00:00,2024-11-29 16:00:00+00:00,3613.8,3726.87,3559.12,3674.29,134652.037109
2024-11-30 16:00:00+00:00,2024-11-30 16:00:00+00:00,3674.29,3746.12,3657.21,3728.07,92368.144853
2024-12-01 16:00:00+00:00,2024-12-01 16:00:00+00:00,3728.07,3760.35,3569.4,3671.39,188451.080588
2024-12-02 16:00:00+00:00,2024-12-02 16:00:00+00:00,3671.6,3681.0,3500.22,3571.47,165993.933343
2024-12-03 16:00:00+00:00,2024-12-03 16:00:00+00:00,3571.47,3854.2,3538.29,3821.08,216557.114934
2024-12-04 16:00:00+00:00,2024-12-04 16:00:00+00:00,3821.09,3956.32,3734.2,3888.0,282751.483855
2024-12-05 16:00:00+00:00,2024-12-05 16:00:00+00:00,3888.01,4040.51,3650.0,3992.99,280774.117343
2024-12-06 16:00:00+00:00,2024-12-06 16:00:00+00:00,3993.0,4087.8,3966.61,4004.57,118482.796651
2024-12-07 16:00:00+00:00,2024-12-07 16:00:00+00:00,4004.58,4024.0,3922.41,3990.93,82534.57582
2024-12-08 16:00:00+00:00,2024-12-08 16:00:00+00:00,3990.94,4016.01,3804.59,3824.34,143093.512445
2024-12-09 16:00:00+00:00,2024-12-09 16:00:00+00:00,3824.39,3865.89,3465.83,3568.21,441226.363104
2024-12-10 16:00:00+00:00,2024-12-10 16:00:00+00:00,3568.22,3821.75,3515.86,3787.0,242112.922045
2024-12-11 16:00:00+00:00,2024-12-11 16:00:00+00:00,3787.19,3987.89,3753.12,3958.13,203757.387458
2024-12-12 16:00:00+00:00,2024-12-12 16:00:00+00:00,3958.58,3986.0,3836.0,3885.63,167694.325897
2024-12-13 16:00:00+00:00,2024-12-13 16:00:00+00:00,3885.62,3946.93,3846.7,3888.67,100642.126319
2024-12-14 16:00:00+00:00,2024-12-14 16:00:00+00:00,3888.61,3911.82,3825.11,3894.72,93748.75655
2024-12-15 16:00:00+00:00,2024-12-15 16:00:00+00:00,3894.72,4025.0,3843.43,3941.41,181601.795863
2024-12-16 16:00:00+00:00,2024-12-16 16:00:00+00:00,3941.53,4108.12,3916.47,3938.66,205162.379142
2024-12-17 16:00:00+00:00,2024-12-17 16:00:00+00:00,3938.66,3984.77,3803.46,3868.24,160118.384139
2024-12-18 16:00:00+00:00,2024-12-18 16:00:00+00:00,3868.24,3907.61,3541.68,3614.0,341910.625498
2024-12-19 16:00:00+00:00,2024-12-19 16:00:00+00:00,3613.73,3637.18,3101.09,3374.35,685150.070445
2024-12-20 16:00:00+00:00,2024-12-20 16:00:00+00:00,3374.58,3555.53,3346.46,3390.6,224077.398993
2024-12-21 16:00:00+00:00,2024-12-21 16:00:00+00:00,3390.37,3403.0,3274.1,3302.52,135142.369602
2024-12-22 16:00:00+00:00,2024-12-22 16:00:00+00:00,3302.52,3363.58,3216.01,3277.47,198378.032654
2024-12-23 16:00:00+00:00,2024-12-23 16:00:00+00:00,3277.38,3510.4,3271.02,3493.78,175208.208124
2024-12-24 16:00:00+00:00,2024-12-24 16:00:00+00:00,3493.54,3548.99,3432.0,3473.42,131128.851176
2024-12-25 16:00:00+00:00,2024-12-25 16:00:00+00:00,3473.5,3515.0,3328.26,3344.24,117499.239543
2024-12-26 16:00:00+00:00,2024-12-26 16:00:00+00:00,3344.24,3445.0,3303.56,3326.01,142961.525427
2024-12-27 16:00:00+00:00,2024-12-27 16:00:00+00:00,3326.29,3396.0,3307.94,3368.2,75960.676887
2024-12-28 16:00:00+00:00,2024-12-28 16:00:00+00:00,3368.2,3428.37,3354.59,3374.0,51005.930651
2024-12-29 16:00:00+00:00,2024-12-29 16:00:00+00:00,3374.01,3437.0,3305.17,3324.0,129509.171033
2024-12-30 16:00:00+00:00,2024-12-30 16:00:00+00:00,3323.99,3451.56,3309.0,3413.19,155385.768242
2024-12-31 16:00:00+00:00,2024-12-31 16:00:00+00:00,3413.02,3416.59,3314.29,3353.24,79278.589483
2025-01-01 16:00:00+00:00,2025-01-01 16:00:00+00:00,3353.39,3510.41,3322.74,3463.34,109436.329925
2025-01-02 16:00:00+00:00,2025-01-02 16:00:00+00:00,3463.59,3575.8,3422.16,3564.86,107735.872143
2025-01-03 16:00:00+00:00,2025-01-03 16:00:00+00:00,3565.16,3663.0,3565.16,3608.01,114638.648416
2025-01-04 16:00:00+00:00,2025-01-04 16:00:00+00:00,3608.01,3676.0,3593.62,3629.76,60045.670142
2025-01-05 16:00:00+00:00,2025-01-05 16:00:00+00:00,3629.89,3714.0,3610.65,3714.0,101577.725805
2025-01-06 16:00:00+00:00,2025-01-06 16:00:00+00:00,3713.99,3745.12,3410.1,3462.41,200377.87244
2025-01-07 16:00:00+00:00,2025-01-07 16:00:00+00:00,3462.4,3491.66,3307.0,3347.38,174393.52642
2025-01-08 16:00:00+00:00,2025-01-08 16:00:00+00:00,3347.19,3357.72,3208.68,3320.59,180625.063729
2025-01-09 16:00:00+00:00,2025-01-09 16:00:00+00:00,3320.6,3327.99,3157.19,3245.37,188545.582268
2025-01-10 16:00:00+00:00,2025-01-10 16:00:00+00:00,3245.19,3323.16,3218.93,3271.2,69899.998687
2025-01-11 16:00:00+00:00,2025-01-11 16:00:00+00:00,3271.21,3320.7,3224.11,3285.69,41514.260621
2025-01-12 16:00:00+00:00,2025-01-12 16:00:00+00:00,3285.7,3338.65,2910.0,3049.1,233068.289866
2025-01-13 16:00:00+00:00,2025-01-13 16:00:00+00:00,3049.11,3256.61,2986.48,3199.51,150204.648991
2025-01-14 16:00:00+00:00,2025-01-14 16:00:00+00:00,3199.51,3354.0,3172.48,3334.51,110502.940523
2025-01-15 16:00:00+00:00,2025-01-15 16:00:00+00:00,3334.51,3473.99,3265.53,3333.0,171385.951442
2025-01-16 16:00:00+00:00,2025-01-16 16:00:00+00:00,3332.99,3450.66,3268.73,3421.74,147403.044785
2025-01-17 16:00:00+00:00,2025-01-17 16:00:00+00:00,3422.09,3525.94,3226.91,3307.34,224664.633612
2025-01-18 16:00:00+00:00,2025-01-18 16:00:00+00:00,3307.39,3426.54,3130.85,3384.29,330345.46256
2025-01-19 16:00:00+00:00,2025-01-19 16:00:00+00:00,3384.17,3455.0,3142.4,3336.32,498874.933617
2025-01-20 16:00:00+00:00,2025-01-20 16:00:00+00:00,3336.32,3390.09,3203.19,3295.15,293984.630657
2025-01-21 16:00:00+00:00,2025-01-21 16:00:00+00:00,3295.15,3368.09,3267.75,3278.7,120790.671214
2025-01-22 16:00:00+00:00,2025-01-22 16:00:00+00:00,3278.95,3292.73,3182.6,3259.25,113119.283512
2025-01-23 16:00:00+00:00,2025-01-23 16:00:00+00:00,3259.24,3428.53,3194.68,3383.89,191391.631087
2025-01-24 16:00:00+00:00,2025-01-24 16:00:00+00:00,3383.89,3409.77,3269.0,3334.6,91460.915398
2025-01-25 16:00:00+00:00,2025-01-25 16:00:00+00:00,3334.51,3362.16,3292.18,3315.1,53306.809552
2025-01-26 16:00:00+00:00,2025-01-26 16:00:00+00:00,3315.02,3344.8,3020.04,3133.13,192799.49437
2025-01-27 16:00:00+00:00,2025-01-27 16:00:00+00:00,3133.28,3241.01,3046.27,3181.4,106928.046896
2025-01-28 16:00:00+00:00,2025-01-28 16:00:00+00:00,3181.5,3183.36,3039.38,3100.93,88724.001102
2025-01-29 16:00:00+00:00,2025-01-29 16:00:00+00:00,3101.28,3281.11,3054.0,3255.59,138218.482632
2025-01-30 16:00:00+00:00,2025-01-30 16:00:00+00:00,3255.7,3427.86,3213.77,3427.27,158188.505715
2025-01-31 16:00:00+00:00,2025-01-31 16:00:00+00:00,3427.27,3437.38,3224.31,3251.16,134134.215668
2025-02-01 16:00:00+00:00,2025-02-01 16:00:00+00:00,3251.16,3267.46,3050.0,3080.8,174525.081472
2025-02-02 16:00:00+00:00,2025-02-02 16:00:00+00:00,3080.9,3081.81,2100.0,2700.71,1284987.912417
2025-02-03 16:00:00+00:00,2025-02-03 16:00:00+00:00,2700.41,2920.0,2662.5,2777.21,430399.146289
2025-02-04 16:00:00+00:00,2025-02-04 16:00:00+00:00,2777.21,2869.58,2632.85,2773.24,271758.223604
2025-02-05 16:00:00+00:00,2025-02-05 16:00:00+00:00,2773.21,2857.95,2683.74,2705.8,196772.238472
2025-02-06 16:00:00+00:00,2025-02-06 16:00:00+00:00,2705.71,2797.91,2655.18,2722.06,185754.894442
2025-02-07 16:00:00+00:00,2025-02-07 16:00:00+00:00,2722.07,2727.99,2562.12,2605.5,155583.639682
2025-02-08 16:00:00+00:00,2025-02-08 16:00:00+00:00,2605.51,2699.08,2589.74,2653.1,91670.917785
2025-02-09 16:00:00+00:00,2025-02-09 16:00:00+00:00,2653.2,2684.98,2520.12,2658.39,155043.749557
2025-02-10 16:00:00+00:00,2025-02-10 16:00:00+00:00,2658.39,2726.16,2626.29,2662.64,122457.491421
2025-02-11 16:00:00+00:00,2025-02-11 16:00:00+00:00,2662.88,2671.56,2547.02,2606.8,163776.970927
2025-02-12 16:00:00+00:00,2025-02-12 16:00:00+00:00,2607.61,2795.97,2583.34,2647.92,163056.478194
2025-02-13 16:00:00+00:00,2025-02-13 16:00:00+00:00,2647.81,2747.5,2612.88,2734.58,128546.241181
2025-02-14 16:00:00+00:00,2025-02-14 16:00:00+00:00,2734.09,2791.54,2660.0,2690.98,89601.490722
2025-02-15 16:00:00+00:00,2025-02-15 16:00:00+00:00,2690.99,2727.55,2676.77,2694.24,40786.372556
2025-02-16 16:00:00+00:00,2025-02-16 16:00:00+00:00,2694.12,2849.68,2637.12,2756.09,146486.32692
2025-02-17 16:00:00+00:00,2025-02-17 16:00:00+00:00,2755.79,2778.4,2652.13,2673.99,146296.838748
2025-02-18 16:00:00+00:00,2025-02-18 16:00:00+00:00,2674.21,2736.97,2605.67,2697.09,116387.594685
2025-02-19 16:00:00+00:00,2025-02-19 16:00:00+00:00,2697.0,2770.9,2694.7,2712.46,89560.441188
2025-02-20 16:00:00+00:00,2025-02-20 16:00:00+00:00,2712.45,2845.89,2675.3,2723.53,173013.86418
2025-02-21 16:00:00+00:00,2025-02-21 16:00:00+00:00,2723.93,2786.42,2616.89,2776.0,227847.505402
2025-02-22 16:00:00+00:00,2025-02-22 16:00:00+00:00,2775.7,2831.21,2745.05,2782.89,114536.135141
2025-02-23 16:00:00+00:00,2025-02-23 16:00:00+00:00,2782.99,2857.95,2636.45,2659.19,213042.849206
2025-02-24 16:00:00+00:00,2025-02-24 16:00:00+00:00,2659.19,2682.89,2315.32,2409.6,446852.921892
2025-02-25 16:00:00+00:00,2025-02-25 16:00:00+00:00,2410.28,2533.54,2370.0,2428.21,189657.397516
2025-02-26 16:00:00+00:00,2025-02-26 16:00:00+00:00,2428.66,2434.33,2254.0,2323.37,243500.742461
2025-02-27 16:00:00+00:00,2025-02-27 16:00:00+00:00,2323.36,2337.58,2074.99,2223.0,463597.893959
2025-02-28 16:00:00+00:00,2025-02-28 16:00:00+00:00,2223.19,2281.11,2142.06,2173.51,140404.419467
2025-03-01 16:00:00+00:00,2025-03-01 16:00:00+00:00,2173.7,2291.96,2169.09,2229.99,151683.130775
2025-03-02 16:00:00+00:00,2025-03-02 16:00:00+00:00,2230.0,2551.3,2212.84,2287.4,486833.961344
2025-03-03 16:00:00+00:00,2025-03-03 16:00:00+00:00,2287.71,2297.58,2002.6,2074.6,409958.763161
2025-03-04 16:00:00+00:00,2025-03-04 16:00:00+00:00,2074.71,2273.36,1989.0,2186.89,249927.757761
2025-03-05 16:00:00+00:00,2025-03-05 16:00:00+00:00,2186.53,2320.02,2161.53,2257.5,176257.909824
2025-03-06 16:00:00+00:00,2025-03-06 16:00:00+00:00,2257.51,2265.53,2102.09,2209.11,278831.784592
2025-03-07 16:00:00+00:00,2025-03-07 16:00:00+00:00,2209.26,2216.51,2105.0,2181.71,145917.769529
2025-03-08 16:00:00+00:00,2025-03-08 16:00:00+00:00,2181.71,2235.3,2083.9,2097.38,131180.66478
2025-03-09 16:00:00+00:00,2025-03-09 16:00:00+00:00,2096.8,2152.72,1989.63,2017.7,295096.248025
2025-03-10 16:00:00+00:00,2025-03-10 16:00:00+00:00,2017.44,2025.33,1752.82,1914.6,516244.476354
2025-03-11 16:00:00+00:00,2025-03-11 16:00:00+00:00,1914.3,1963.11,1828.42,1869.91,280848.864203
2025-03-12 16:00:00+00:00,2025-03-12 16:00:00+00:00,1869.81,1924.0,1854.0,1875.51,162549.927302
2025-03-13 16:00:00+00:00,2025-03-13 16:00:00+00:00,1875.6,1942.65,1821.42,1921.84,153609.105125
2025-03-14 16:00:00+00:00,2025-03-14 16:00:00+00:00,1922.08,1945.54,1903.19,1937.58,74873.428762
2025-03-15 16:00:00+00:00,2025-03-15 16:00:00+00:00,1937.59,1957.85,1866.66,1895.12,78275.574153
2025-03-16 16:00:00+00:00,2025-03-16 16:00:00+00:00,1895.12,1941.23,1860.35,1919.13,105427.272503
2025-03-17 16:00:00+00:00,2025-03-17 16:00:00+00:00,1919.29,1952.64,1872.17,1880.89,101092.005609
2025-03-18 16:00:00+00:00,2025-03-18 16:00:00+00:00,1881.0,2057.71,1873.34,2049.3,213685.423642
2025-03-19 16:00:00+00:00,2025-03-19 16:00:00+00:00,2049.3,2070.26,1965.52,1972.31,187105.678868
2025-03-20 16:00:00+00:00,2025-03-20 16:00:00+00:00,1972.0,1996.76,1936.61,1950.8,90618.894202
2025-03-21 16:00:00+00:00,2025-03-21 16:00:00+00:00,1950.64,2006.48,1945.74,1986.31,54738.380951
2025-03-22 16:00:00+00:00,2025-03-22 16:00:00+00:00,1986.31,2020.84,1974.16,2007.21,54577.616628
2025-03-23 16:00:00+00:00,2025-03-23 16:00:00+00:00,2007.21,2104.16,1977.69,2089.8,136771.259113
2025-03-24 16:00:00+00:00,2025-03-24 16:00:00+00:00,2089.81,2101.46,2036.96,2067.56,120745.58813
2025-03-25 16:00:00+00:00,2025-03-25 16:00:00+00:00,2067.56,2083.84,2006.62,2012.6,95873.066906
2025-03-26 16:00:00+00:00,2025-03-26 16:00:00+00:00,2012.5,2037.39,1981.21,2005.51,109862.168275
2025-03-27 16:00:00+00:00,2025-03-27 16:00:00+00:00,2005.51,2019.99,1858.47,1872.09,201078.921935
2025-03-28 16:00:00+00:00,2025-03-28 16:00:00+00:00,1872.19,1913.68,1833.05,1840.2,110995.047991
2025-03-29 16:00:00+00:00,2025-03-29 16:00:00+00:00,1840.2,1849.22,1788.33,1813.87,113016.761044
2025-03-30 16:00:00+00:00,2025-03-30 16:00:00+00:00,1813.86,1854.75,1767.06,1842.3,158316.151313
2025-03-31 16:00:00+00:00,2025-03-31 16:00:00+00:00,1842.4,1928.41,1816.25,1918.5,155087.631977
2025-04-01 16:00:00+00:00,2025-04-01 16:00:00+00:00,1918.57,1924.22,1851.86,1901.04,135767.526693
2025-04-02 16:00:00+00:00,2025-04-02 16:00:00+00:00,1901.03,1957.14,1748.12,1782.4,273034.294316
2025-04-03 16:00:00+00:00,2025-04-03 16:00:00+00:00,1782.5,1835.72,1758.98,1794.93,154655.981246
2025-04-04 16:00:00+00:00,2025-04-04 16:00:00+00:00,1795.3,1828.96,1778.22,1782.11,148573.035399
2025-04-05 16:00:00+00:00,2025-04-05 16:00:00+00:00,1782.11,1817.16,1737.73,1759.67,81654.472883
2025-04-06 16:00:00+00:00,2025-04-06 16:00:00+00:00,1759.61,1759.99,1411.13,1556.31,920539.749708
2025-04-07 16:00:00+00:00,2025-04-07 16:00:00+00:00,1556.11,1618.66,1517.93,1531.52,242099.358614
2025-04-08 16:00:00+00:00,2025-04-08 16:00:00+00:00,1531.5,1533.91,1384.28,1485.2,435385.007307
2025-04-09 16:00:00+00:00,2025-04-09 16:00:00+00:00,1485.4,1689.05,1482.08,1496.2,453780.708992
2025-04-10 16:00:00+00:00,2025-04-10 16:00:00+00:00,1496.1,1584.88,1472.28,1565.58,246306.024178
2025-04-11 16:00:00+00:00,2025-04-11 16:00:00+00:00,1565.6,1669.5,1545.45,1655.7,195945.889795
2025-04-12 16:00:00+00:00,2025-04-12 16:00:00+00:00,1655.7,1662.34,1566.0,1586.97,175769.885726
2025-04-13 16:00:00+00:00,2025-04-13 16:00:00+00:00,1586.85,1691.92,1562.0,1627.77,286083.644035
2025-04-14 16:00:00+00:00,2025-04-14 16:00:00+00:00,1628.0,1661.05,1601.04,1620.95,151157.492645
2025-04-15 16:00:00+00:00,2025-04-15 16:00:00+00:00,1621.03,1627.99,1550.71,1590.62,167681.809487
2025-04-16 16:00:00+00:00,2025-04-16 16:00:00+00:00,1590.7,1612.79,1537.0,1583.19,160637.216987
2025-04-17 16:00:00+00:00,2025-04-17 16:00:00+00:00,1583.18,1617.45,1573.57,1583.18,110692.718336
2025-04-18 16:00:00+00:00,2025-04-18 16:00:00+00:00,1583.19,1613.6,1581.74,1607.03,58630.738728
2025-04-19 16:00:00+00:00,2025-04-19 16:00:00+00:00,1607.04,1632.99,1565.87,1573.79,101444.255041
2025-04-20 16:00:00+00:00,2025-04-20 16:00:00+00:00,1573.79,1658.83,1571.61,1623.48,202217.313719
2025-04-21 16:00:00+00:00,2025-04-21 16:00:00+00:00,1623.41,1726.01,1537.43,1703.16,376759.342897
2025-04-22 16:00:00+00:00,2025-04-22 16:00:00+00:00,1703.19,1835.51,1682.93,1794.81,365677.194653
2025-04-23 16:00:00+00:00,2025-04-23 16:00:00+00:00,1794.99,1810.17,1722.93,1764.55,232336.16595
2025-04-24 16:00:00+00:00,2025-04-24 16:00:00+00:00,1764.54,1827.58,1738.78,1806.41,246130.521762
2025-04-25 16:00:00+00:00,2025-04-25 16:00:00+00:00,1806.41,1841.25,1779.21,1800.25,137913.795073
2025-04-26 16:00:00+00:00,2025-04-26 16:00:00+00:00,1800.24,1857.52,1781.1,1793.8,110718.352249
2025-04-27 16:00:00+00:00,2025-04-27 16:00:00+00:00,1793.81,1827.92,1752.02,1763.31,219162.999883
2025-04-28 16:00:00+00:00,2025-04-28 16:00:00+00:00,1763.3,1842.98,1744.74,1815.14,220898.800303
2025-04-29 16:00:00+00:00,2025-04-29 16:00:00+00:00,1815.15,1832.68,1731.41,1764.8,221629.085428
2025-04-30 16:00:00+00:00,2025-04-30 16:00:00+00:00,1764.63,1873.85,1756.4,1853.01,217877.429041
2025-05-01 16:00:00+00:00,2025-05-01 16:00:00+00:00,1853.02,1870.47,1813.0,1841.08,139117.79312
2025-05-02 16:00:00+00:00,2025-05-02 16:00:00+00:00,1841.06,1871.0,1817.52,1834.5,101331.329547
2025-05-03 16:00:00+00:00,2025-05-03 16:00:00+00:00,1834.51,1849.97,1808.8,1830.67,111290.110272
2025-05-04 16:00:00+00:00,2025-05-04 16:00:00+00:00,1830.74,1842.55,1781.42,1801.18,156844.854297
2025-05-05 16:00:00+00:00,2025-05-05 16:00:00+00:00,1801.19,1833.64,1751.45,1770.19,149932.639969
2025-05-06 16:00:00+00:00,2025-05-06 16:00:00+00:00,1770.3,1850.61,1762.14,1817.72,193763.104371
2025-05-07 16:00:00+00:00,2025-05-07 16:00:00+00:00,1817.73,2076.66,1787.16,2051.62,475670.619374
2025-05-08 16:00:00+00:00,2025-05-08 16:00:00+00:00,2051.6,2490.84,2036.31,2301.49,731924.168238
2025-05-09 16:00:00+00:00,2025-05-09 16:00:00+00:00,2301.49,2449.68,2275.0,2433.16,317631.243602
2025-05-10 16:00:00+00:00,2025-05-10 16:00:00+00:00,2433.16,2609.49,2428.61,2462.32,425195.192768
2025-05-11 16:00:00+00:00,2025-05-11 16:00:00+00:00,2462.39,2623.76,2440.01,2487.44,397751.334681
2025-05-12 16:00:00+00:00,2025-05-12 16:00:00+00:00,2487.45,2574.27,2407.09,2565.89,325166.730217
2025-05-13 16:00:00+00:00,2025-05-13 16:00:00+00:00,2565.72,2738.83,2558.95,2597.46,426713.801393
2025-05-14 16:00:00+00:00,2025-05-14 16:00:00+00:00,2597.46,2647.18,2477.77,2564.0,263952.139474
2025-05-15 16:00:00+00:00,2025-05-15 16:00:00+00:00,2563.8,2648.5,2511.44,2595.02,229952.125743
2025-05-16 16:00:00+00:00,2025-05-16 16:00:00+00:00,2595.16,2601.96,2446.0,2474.76,227595.189117
2025-05-17 16:00:00+00:00,2025-05-17 16:00:00+00:00,2474.75,2587.82,2448.61,2579.3,164522.396015
2025-05-18 16:00:00+00:00,2025-05-18 16:00:00+00:00,2579.31,2584.5,2315.89,2466.8,429873.130831
2025-05-19 16:00:00+00:00,2025-05-19 16:00:00+00:00,2466.85,2587.99,2450.85,2482.79,344170.038799
2025-05-20 16:00:00+00:00,2025-05-20 16:00:00+00:00,2482.98,2616.0,2442.0,2567.29,293052.341313
2025-05-21 16:00:00+00:00,2025-05-21 16:00:00+00:00,2567.2,2692.67,2452.03,2664.4,436017.421472
2025-05-22 16:00:00+00:00,2025-05-22 16:00:00+00:00,2664.52,2734.36,2497.27,2568.58,373991.859859
2025-05-23 16:00:00+00:00,2025-05-23 16:00:00+00:00,2568.63,2587.33,2503.25,2555.57,134297.243741
2025-05-24 16:00:00+00:00,2025-05-24 16:00:00+00:00,2555.58,2567.29,2461.14,2511.6,128389.265992
2025-05-25 16:00:00+00:00,2025-05-25 16:00:00+00:00,2511.55,2600.0,2496.11,2565.8,121521.774769
2025-05-26 16:00:00+00:00,2025-05-26 16:00:00+00:00,2565.86,2684.81,2509.3,2668.59,257331.545446
2025-05-27 16:00:00+00:00,2025-05-27 16:00:00+00:00,2668.41,2712.0,2608.52,2627.33,226260.612128
2025-05-28 16:00:00+00:00,2025-05-28 16:00:00+00:00,2627.53,2788.88,2611.52,2643.79,330260.338406
2025-05-29 16:00:00+00:00,2025-05-29 16:00:00+00:00,2643.61,2673.75,2557.65,2598.09,242739.350757
2025-05-30 16:00:00+00:00,2025-05-30 16:00:00+00:00,2598.2,2604.12,2475.63,2536.43,196659.248615
2025-05-31 16:00:00+00:00,2025-05-31 16:00:00+00:00,2536.43,2550.92,2467.75,2523.15,107215.049688
2025-06-01 16:00:00+00:00,2025-06-01 16:00:00+00:00,2523.14,2556.8,2475.0,2544.0,164124.722947
2025-06-02 16:00:00+00:00,2025-06-02 16:00:00+00:00,2544.09,2656.29,2524.8,2623.6,202462.375568
2025-06-03 16:00:00+00:00,2025-06-03 16:00:00+00:00,2623.6,2679.73,2575.19,2667.94,171628.573681
2025-06-04 16:00:00+00:00,2025-06-04 16:00:00+00:00,2667.95,2669.37,2562.63,2589.69,183787.104645
2025-06-05 16:00:00+00:00,2025-06-05 16:00:00+00:00,2589.76,2591.78,2382.0,2509.3,372711.740879
2025-06-06 16:00:00+00:00,2025-06-06 16:00:00+00:00,2509.39,2523.77,2457.15,2519.39,98671.167178
2025-06-07 16:00:00+00:00,2025-06-07 16:00:00+00:00,2519.38,2545.0,2488.79,2514.42,87806.993818
2025-06-08 16:00:00+00:00,2025-06-08 16:00:00+00:00,2514.47,2549.48,2477.83,2533.99,162449.579746
2025-06-09 16:00:00+00:00,2025-06-09 16:00:00+00:00,2533.99,2798.55,2533.99,2733.18,374956.636374
2025-06-10 16:00:00+00:00,2025-06-10 16:00:00+00:00,2733.18,2879.99,2728.46,2865.18,284198.91728
2025-06-11 16:00:00+00:00,2025-06-11 16:00:00+00:00,2865.0,2875.91,2711.85,2719.7,276229.194016
2025-06-12 16:00:00+00:00,2025-06-12 16:00:00+00:00,2719.7,2771.11,2436.0,2551.19,505520.686618
2025-06-13 16:00:00+00:00,2025-06-13 16:00:00+00:00,2551.36,2585.23,2505.24,2519.51,151023.569135
2025-06-14 16:00:00+00:00,2025-06-14 16:00:00+00:00,2519.5,2554.99,2488.17,2541.8,113252.544925
2025-06-15 16:00:00+00:00,2025-06-15 16:00:00+00:00,2541.72,2657.83,2491.82,2632.08,237271.537989
2025-06-16 16:00:00+00:00,2025-06-16 16:00:00+00:00,2632.09,2680.26,2482.0,2498.95,317389.306524
2025-06-17 16:00:00+00:00,2025-06-17 16:00:00+00:00,2498.95,2548.72,2453.56,2509.03,224472.779607
2025-06-18 16:00:00+00:00,2025-06-18 16:00:00+00:00,2509.03,2548.0,2467.25,2492.99,132484.233831
2025-06-19 16:00:00+00:00,2025-06-19 16:00:00+00:00,2493.0,2569.06,2485.13,2494.19,154011.320716
2025-06-20 16:00:00+00:00,2025-06-20 16:00:00+00:00,2494.2,2496.4,2365.0,2423.72,191553.214996
2025-06-21 16:00:00+00:00,2025-06-21 16:00:00+00:00,2423.55,2428.3,2155.55,2175.01,408786.179235
2025-06-22 16:00:00+00:00,2025-06-22 16:00:00+00:00,2175.0,2313.8,2111.0,2248.6,277359.406971
2025-06-23 16:00:00+00:00,2025-06-23 16:00:00+00:00,2248.49,2454.8,2188.41,2438.3,373814.611646
2025-06-24 16:00:00+00:00,2025-06-24 16:00:00+00:00,2438.4,2483.0,2389.8,2405.61,194052.939699
2025-06-25 16:00:00+00:00,2025-06-25 16:00:00+00:00,2405.62,2520.48,2401.37,2433.53,203310.337223
2025-06-26 16:00:00+00:00,2025-06-26 16:00:00+00:00,2433.19,2464.23,2382.27,2438.52,143763.201298
2025-06-27 16:00:00+00:00,2025-06-27 16:00:00+00:00,2438.6,2449.56,2388.0,2436.12,86622.401864
2025-06-28 16:00:00+00:00,2025-06-28 16:00:00+00:00,2436.12,2463.63,2424.6,2436.6,73515.712963
2025-06-29 16:00:00+00:00,2025-06-29 16:00:00+00:00,2436.56,2525.34,2411.05,2474.71,194526.744569
2025-06-30 16:00:00+00:00,2025-06-30 16:00:00+00:00,2474.72,2522.0,2407.0,2423.61,189517.171791
2025-07-01 16:00:00+00:00,2025-07-01 16:00:00+00:00,2423.65,2502.85,2372.67,2498.92,163599.240867
2025-07-02 16:00:00+00:00,2025-07-02 16:00:00+00:00,2498.86,2636.36,2495.32,2570.39,322498.3519
2025-07-03 16:00:00+00:00,2025-07-03 16:00:00+00:00,2570.4,2603.83,2497.34,2500.8,149813.361034
2025-07-04 16:00:00+00:00,2025-07-04 16:00:00+00:00,2500.71,2529.8,2474.4,2507.9,78752.10174
2025-07-05 16:00:00+00:00,2025-07-05 16:00:00+00:00,2507.95,2570.59,2487.9,2558.37,79842.614113
2025-07-06 16:00:00+00:00,2025-07-06 16:00:00+00:00,2558.36,2605.47,2523.93,2533.79,128409.803205
2025-07-07 16:00:00+00:00,2025-07-07 16:00:00+00:00,2533.74,2600.91,2511.22,2564.7,124756.527585
2025-07-08 16:00:00+00:00,2025-07-08 16:00:00+00:00,2564.89,2674.9,2559.56,2656.84,162978.375586
2025-07-09 16:00:00+00:00,2025-07-09 16:00:00+00:00,2656.87,2824.44,2652.2,2769.6,266113.010621
2025-07-10 16:00:00+00:00,2025-07-10 16:00:00+00:00,2769.73,3039.95,2768.85,2951.62,418762.73313
2025-07-11 16:00:00+00:00,2025-07-11 16:00:00+00:00,2951.66,3010.95,2904.39,2916.09,199378.235358
2025-07-12 16:00:00+00:00,2025-07-12 16:00:00+00:00,2916.1,3020.38,2910.55,2992.61,120452.223579
2025-07-13 16:00:00+00:00,2025-07-13 16:00:00+00:00,2992.61,3083.33,2940.0,3012.3,285719.791907
2025-07-14 16:00:00+00:00,2025-07-14 16:00:00+00:00,3012.21,3067.34,2932.73,3039.72,275377.20271
2025-07-15 16:00:00+00:00,2025-07-15 16:00:00+00:00,3039.72,3266.93,3028.61,3244.76,343922.810596
2025-07-16 16:00:00+00:00,2025-07-16 16:00:00+00:00,3244.76,3482.35,3234.37,3420.39,404875.01007
2025-07-17 16:00:00+00:00,2025-07-17 16:00:00+00:00,3420.0,3674.19,3365.63,3563.96,454641.041155
2025-07-18 16:00:00+00:00,2025-07-18 16:00:00+00:00,3563.91,3624.52,3476.34,3552.19,199878.837647
2025-07-19 16:00:00+00:00,2025-07-19 16:00:00+00:00,3552.22,3790.0,3532.75,3785.88,233862.923559
2025-07-20 16:00:00+00:00,2025-07-20 16:00:00+00:00,3785.89,3858.88,3681.93,3810.29,322324.046035
2025-07-21 16:00:00+00:00,2025-07-21 16:00:00+00:00,3810.29,3818.26,3617.1,3717.92,357377.075113
2025-07-22 16:00:00+00:00,2025-07-22 16:00:00+00:00,3718.0,3764.12,3579.11,3644.79,283305.818527
2025-07-23 16:00:00+00:00,2025-07-23 16:00:00+00:00,3644.76,3770.74,3507.02,3730.73,336342.962173
2025-07-24 16:00:00+00:00,2025-07-24 16:00:00+00:00,3730.74,3754.35,3573.72,3634.13,311511.787469
2025-07-25 16:00:00+00:00,2025-07-25 16:00:00+00:00,3634.21,3783.75,3616.18,3736.03,153024.916775
2025-07-26 16:00:00+00:00,2025-07-26 16:00:00+00:00,3736.04,3841.48,3709.15,3819.01,143339.810287
2025-07-27 16:00:00+00:00,2025-07-27 16:00:00+00:00,3819.16,3941.79,3773.0,3807.63,234706.409506
2025-07-28 16:00:00+00:00,2025-07-28 16:00:00+00:00,3807.62,3886.19,3730.59,3761.42,247096.743427
2025-07-29 16:00:00+00:00,2025-07-29 16:00:00+00:00,3761.42,3834.26,3716.51,3797.71,208550.82007
2025-07-30 16:00:00+00:00,2025-07-30 16:00:00+00:00,3797.72,3883.06,3675.98,3788.35,227999.976993
2025-07-31 16:00:00+00:00,2025-07-31 16:00:00+00:00,3788.35,3821.02,3564.44,3616.0,294771.162322
2025-08-01 16:00:00+00:00,2025-08-01 16:00:00+00:00,3616.0,3634.19,3430.02,3459.3,231759.107427
2025-08-02 16:00:00+00:00,2025-08-02 16:00:00+00:00,3459.15,3516.61,3355.27,3476.23,183009.204783
2025-08-03 16:00:00+00:00,2025-08-03 16:00:00+00:00,3476.11,3666.0,3467.37,3648.75,159928.80703
2025-08-04 16:00:00+00:00,2025-08-04 16:00:00+00:00,3648.76,3737.11,3557.08,3570.64,251096.884734
2025-08-05 16:00:00+00:00,2025-08-05 16:00:00+00:00,3570.61,3669.75,3545.0,3664.81,146723.757127
2025-08-06 16:00:00+00:00,2025-08-06 16:00:00+00:00,3664.81,3866.0,3638.37,3836.8,190751.565707
2025-08-07 16:00:00+00:00,2025-08-07 16:00:00+00:00,3836.91,4013.0,3780.55,3954.49,264557.970594
2025-08-08 16:00:00+00:00,2025-08-08 16:00:00+00:00,3954.63,4247.28,3950.27,4209.01,265717.662162
2025-08-09 16:00:00+00:00,2025-08-09 16:00:00+00:00,4209.01,4332.52,4160.07,4217.52,220930.880547
2025-08-10 16:00:00+00:00,2025-08-10 16:00:00+00:00,4217.4,4350.0,4166.07,4329.72,228232.523748
2025-08-11 16:00:00+00:00,2025-08-11 16:00:00+00:00,4329.72,4481.35,4189.0,4472.2,282192.037507
2025-08-12 16:00:00+00:00,2025-08-12 16:00:00+00:00,4472.2,4737.0,4440.56,4664.39,362450.075524
2025-08-13 16:00:00+00:00,2025-08-13 16:00:00+00:00,4664.5,4790.66,4451.16,4618.9,421743.976778
2025-08-14 16:00:00+00:00,2025-08-14 16:00:00+00:00,4619.16,4670.68,4395.26,4431.25,278294.567863
2025-08-15 16:00:00+00:00,2025-08-15 16:00:00+00:00,4431.24,4493.57,4367.66,4400.99,173115.972024
2025-08-16 16:00:00+00:00,2025-08-16 16:00:00+00:00,4400.32,4575.82,4391.0,4561.54,107534.54997
2025-08-17 16:00:00+00:00,2025-08-17 16:00:00+00:00,4561.42,4566.43,4226.03,4345.7,303394.737281
2025-08-18 16:00:00+00:00,2025-08-18 16:00:00+00:00,4345.71,4388.18,4170.0,4191.81,248747.799154
2025-08-19 16:00:00+00:00,2025-08-19 16:00:00+00:00,4191.82,4309.65,4062.66,4255.19,269063.479549
2025-08-20 16:00:00+00:00,2025-08-20 16:00:00+00:00,4254.9,4377.6,4226.26,4243.06,182809.244058
2025-08-21 16:00:00+00:00,2025-08-21 16:00:00+00:00,4243.07,4668.14,4204.02,4616.17,285316.693463
2025-08-22 16:00:00+00:00,2025-08-22 16:00:00+00:00,4616.16,4887.5,4616.16,4750.51,320071.2552
2025-08-23 16:00:00+00:00,2025-08-23 16:00:00+00:00,4750.51,4830.0,4720.14,4798.42,140091.100603
2025-08-24 16:00:00+00:00,2025-08-24 16:00:00+00:00,4798.42,4957.98,4520.74,4612.28,391220.052321
2025-08-25 16:00:00+00:00,2025-08-25 16:00:00+00:00,4612.54,4645.64,4311.48,4518.79,275383.23817
2025-08-26 16:00:00+00:00,2025-08-26 16:00:00+00:00,4519.0,4664.0,4497.99,4657.69,175507.563982
2025-08-27 16:00:00+00:00,2025-08-27 16:00:00+00:00,4657.7,4658.29,4466.99,4504.5,175484.729832
2025-08-28 16:00:00+00:00,2025-08-28 16:00:00+00:00,4504.49,4530.6,4263.85,4316.29,243447.371164
2025-08-29 16:00:00+00:00,2025-08-29 16:00:00+00:00,4316.3,4415.88,4257.36,4376.97,129064.229648
2025-08-30 16:00:00+00:00,2025-08-30 16:00:00+00:00,4376.97,4498.8,4333.18,4484.9,88575.116468
2025-08-31 16:00:00+00:00,2025-08-31 16:00:00+00:00,4484.91,4491.56,4345.99,4362.13,128393.04549
2025-09-01 16:00:00+00:00,2025-09-01 16:00:00+00:00,4361.83,4416.94,4211.11,4295.89,186935.436673
2025-09-02 16:00:00+00:00,2025-09-02 16:00:00+00:00,4295.99,4486.4,4258.0,4479.75,156006.582322
2025-09-03 16:00:00+00:00,2025-09-03 16:00:00+00:00,4479.73,4490.49,4294.41,4305.21,139177.562482
2025-09-04 16:00:00+00:00,2025-09-04 16:00:00+00:00,4305.13,4494.43,4256.14,4283.18,230812.327981
2025-09-05 16:00:00+00:00,2025-09-05 16:00:00+00:00,4283.18,4343.12,4263.46,4270.05,73204.805522
2025-09-06 16:00:00+00:00,2025-09-06 16:00:00+00:00,4270.05,4314.88,4234.07,4299.21,59253.645364
2025-09-07 16:00:00+00:00,2025-09-07 16:00:00+00:00,4299.2,4384.36,4270.34,4371.83,104230.257966
2025-09-08 16:00:00+00:00,2025-09-08 16:00:00+00:00,4371.84,4381.69,4277.01,4285.08,149048.202051
2025-09-09 16:00:00+00:00,2025-09-09 16:00:00+00:00,4285.08,4453.33,4277.71,4404.92,133591.213128
2025-09-10 16:00:00+00:00,2025-09-10 16:00:00+00:00,4404.96,4482.0,4300.05,4412.64,170843.813533
2025-09-11 16:00:00+00:00,2025-09-11 16:00:00+00:00,4412.89,4571.67,4407.59,4542.03,131828.044028
2025-09-12 16:00:00+00:00,2025-09-12 16:00:00+00:00,4542.03,4766.77,4533.33,4654.55,176549.276029
2025-09-13 16:00:00+00:00,2025-09-13 16:00:00+00:00,4654.56,4693.25,4576.49,4582.3,109967.757123
2025-09-14 16:00:00+00:00,2025-09-14 16:00:00+00:00,4582.31,4670.14,4465.1,4500.07,165446.693476
2025-09-15 16:00:00+00:00,2025-09-15 16:00:00+00:00,4500.07,4537.76,4423.32,4467.45,140351.511737
2025-09-16 16:00:00+00:00,2025-09-16 16:00:00+00:00,4467.44,4555.03,4446.54,4489.84,147413.903686
2025-09-17 16:00:00+00:00,2025-09-17 16:00:00+00:00,4489.83,4644.85,4407.0,4599.58,206763.818282
2025-09-18 16:00:00+00:00,2025-09-18 16:00:00+00:00,4599.58,4636.45,4445.55,4475.33,117748.466291
2025-09-19 16:00:00+00:00,2025-09-19 16:00:00+00:00,4475.34,4507.04,4435.12,4498.03,56668.978196
2025-09-20 16:00:00+00:00,2025-09-20 16:00:00+00:00,4498.03,4508.7,4445.0,4482.91,59962.955198
2025-09-21 16:00:00+00:00,2025-09-21 16:00:00+00:00,4482.91,4498.38,4045.01,4168.05,312532.083685
2025-09-22 16:00:00+00:00,2025-09-22 16:00:00+00:00,4168.05,4229.0,4114.28,4180.56,119861.821353
2025-09-23 16:00:00+00:00,2025-09-23 16:00:00+00:00,4180.57,4207.3,4073.91,4165.75,133328.803348
2025-09-24 16:00:00+00:00,2025-09-24 16:00:00+00:00,4165.92,4193.58,3924.0,4002.69,252073.90042
2025-09-25 16:00:00+00:00,2025-09-25 16:00:00+00:00,4002.7,4005.88,3823.43,3945.92,278904.883999
2025-09-26 16:00:00+00:00,2025-09-26 16:00:00+00:00,3945.9,4069.01,3942.75,4018.69,94235.051845
2025-09-27 16:00:00+00:00,2025-09-27 16:00:00+00:00,4018.69,4034.0,3965.83,4021.55,61253.777564
2025-09-28 16:00:00+00:00,2025-09-28 16:00:00+00:00,4021.56,4206.66,4021.56,4165.04,133477.521676
2025-09-29 16:00:00+00:00,2025-09-29 16:00:00+00:00,4165.06,4246.57,4094.54,4120.24,113676.415379
2025-09-30 16:00:00+00:00,2025-09-30 16:00:00+00:00,4120.24,4345.0,4092.45,4327.34,172315.102285
2025-10-01 16:00:00+00:00,2025-10-01 16:00:00+00:00,4327.34,4442.94,4287.55,4437.59,142845.021146
2025-10-02 16:00:00+00:00,2025-10-02 16:00:00+00:00,4437.58,4560.0,4426.0,4535.35,167627.158695
2025-10-03 16:00:00+00:00,2025-10-03 16:00:00+00:00,4535.36,4592.87,4441.82,4455.16,113932.329249
2025-10-04 16:00:00+00:00,2025-10-04 16:00:00+00:00,4455.16,4619.0,4440.61,4532.19,137859.982212
2025-10-05 16:00:00+00:00,2025-10-05 16:00:00+00:00,4532.2,4693.8,4473.04,4673.02,130702.962912
2025-10-06 16:00:00+00:00,2025-10-06 16:00:00+00:00,4672.94,4755.77,4477.61,4512.26,207287.226667
2025-10-07 16:00:00+00:00,2025-10-07 16:00:00+00:00,4512.26,4523.82,4411.23,4447.77,200881.337338
2025-10-08 16:00:00+00:00,2025-10-08 16:00:00+00:00,4447.78,4557.59,4289.99,4314.57,193636.18645
2025-10-09 16:00:00+00:00,2025-10-09 16:00:00+00:00,4314.46,4393.68,4071.01,4103.57,195105.416891
2025-10-10 16:00:00+00:00,2025-10-10 16:00:00+00:00,4102.85,4138.81,3373.67,3825.01,794352.015742
2025-10-11 16:00:00+00:00,2025-10-11 16:00:00+00:00,3825.01,4080.17,3642.1,4034.31,298265.871704
2025-10-12 16:00:00+00:00,2025-10-12 16:00:00+00:00,4034.7,4220.56,4034.7,4135.69,321190.379096
2025-10-13 16:00:00+00:00,2025-10-13 16:00:00+00:00,4135.71,4292.85,3888.41,4085.94,384168.518708
2025-10-14 16:00:00+00:00,2025-10-14 16:00:00+00:00,4086.59,4216.66,3959.0,3981.08,313820.868374
2025-10-15 16:00:00+00:00,2025-10-15 16:00:00+00:00,3981.39,4087.51,3891.69,3907.26,260834.057232
2025-10-16 16:00:00+00:00,2025-10-16 16:00:00+00:00,3907.26,3968.24,3674.0,3797.86,337188.643363
2025-10-17 16:00:00+00:00,2025-10-17 16:00:00+00:00,3797.86,3928.27,3779.26,3877.83,148675.435707
2025-10-18 16:00:00+00:00,2025-10-18 16:00:00+00:00,3878.06,4002.66,3822.8,3979.46,145239.603529
2025-10-19 16:00:00+00:00,2025-10-19 16:00:00+00:00,3979.45,4085.83,3908.99,4004.29,176612.975047
2025-10-20 16:00:00+00:00,2025-10-20 16:00:00+00:00,4004.19,4085.47,3840.19,4082.01,189525.582765
2025-10-21 16:00:00+00:00,2025-10-21 16:00:00+00:00,4082.01,4110.14,3769.0,3841.34,264902.94148
2025-10-22 16:00:00+00:00,2025-10-22 16:00:00+00:00,3841.5,3907.08,3707.56,3877.13,170120.41666
2025-10-23 16:00:00+00:00,2025-10-23 16:00:00+00:00,3877.13,4030.53,3818.83,3889.33,188823.918424
2025-10-24 16:00:00+00:00,2025-10-24 16:00:00+00:00,3889.34,3960.5,3865.92,3933.29,55783.578221
2025-10-25 16:00:00+00:00,2025-10-25 16:00:00+00:00,3933.29,4100.0,3918.6,4074.82,80039.027191
2025-10-26 16:00:00+00:00,2025-10-26 16:00:00+00:00,4074.83,4254.04,4045.83,4173.26,175408.956312
2025-10-27 16:00:00+00:00,2025-10-27 16:00:00+00:00,4173.26,4233.45,4066.0,4097.25,148935.748808
2025-10-28 16:00:00+00:00,2025-10-28 16:00:00+00:00,4097.24,4151.42,3931.03,3952.01,164470.719216
2025-10-29 16:00:00+00:00,2025-10-29 16:00:00+00:00,3952.01,4018.98,3756.88,3773.81,268993.556967
2025-10-30 16:00:00+00:00,2025-10-30 16:00:00+00:00,3773.8,3887.67,3679.0,3860.51,195853.058136
2025-10-31 16:00:00+00:00,2025-10-31 16:00:00+00:00,3860.54,3906.51,3804.63,3894.29,86904.087744
2025-11-01 16:00:00+00:00,2025-11-01 16:00:00+00:00,3894.7,3918.45,3839.0,3853.21,64933.811056
2025-11-02 16:00:00+00:00,2025-11-02 16:00:00+00:00,3853.21,3917.45,3582.22,3588.92,216138.371105
2025-11-03 16:00:00+00:00,2025-11-03 16:00:00+00:00,3588.93,3682.44,3460.26,3507.5,293240.507942
2025-11-04 16:00:00+00:00,2025-11-04 16:00:00+00:00,3507.76,3520.48,3056.01,3397.99,524157.800119
2025-11-05 16:00:00+00:00,2025-11-05 16:00:00+00:00,3397.99,3480.66,3277.2,3300.81,216125.268072
2025-11-06 16:00:00+00:00,2025-11-06 16:00:00+00:00,3300.57,3370.18,3194.0,3297.65,237169.408601
2025-11-07 16:00:00+00:00,2025-11-07 16:00:00+00:00,3297.62,3487.84,3273.87,3377.44,175949.115776
2025-11-08 16:00:00+00:00,2025-11-08 16:00:00+00:00,3377.45,3563.99,3356.04,3515.29,130541.184741
2025-11-09 16:00:00+00:00,2025-11-09 16:00:00+00:00,3515.29,3658.66,3500.44,3519.79,174195.550629
2025-11-10 16:00:00+00:00,2025-11-10 16:00:00+00:00,3519.73,3647.97,3466.88,3481.2,165688.485746
2025-11-11 16:00:00+00:00,2025-11-11 16:00:00+00:00,3481.21,3588.0,3405.14,3428.17,161604.520532
2025-11-12 16:00:00+00:00,2025-11-12 16:00:00+00:00,3428.18,3565.64,3366.66,3387.01,279251.172697
2025-11-13 16:00:00+00:00,2025-11-13 16:00:00+00:00,3387.0,3398.87,3070.32,3196.78,367446.709375
2025-11-14 16:00:00+00:00,2025-11-14 16:00:00+00:00,3196.77,3257.4,3090.0,3185.82,122040.33214
2025-11-15 16:00:00+00:00,2025-11-15 16:00:00+00:00,3185.78,3249.1,3098.85,3105.65,112923.311005
2025-11-16 16:00:00+00:00,2025-11-16 16:00:00+00:00,3105.36,3223.33,3003.01,3120.8,232810.666197
2025-11-17 16:00:00+00:00,2025-11-17 16:00:00+00:00,3120.94,3142.76,2945.78,3106.83,290245.729849
2025-11-18 16:00:00+00:00,2025-11-18 16:00:00+00:00,3106.8,3170.09,2967.03,2973.32,176587.209125
2025-11-19 16:00:00+00:00,2025-11-19 16:00:00+00:00,2973.31,3063.69,2872.78,2955.84,214937.120886
2025-11-20 16:00:00+00:00,2025-11-20 16:00:00+00:00,2955.75,2961.34,2622.87,2705.17,433351.720427
2025-11-21 16:00:00+00:00,2025-11-21 16:00:00+00:00,2705.47,2806.7,2675.3,2738.92,132525.458147
2025-11-22 16:00:00+00:00,2025-11-22 16:00:00+00:00,2738.92,2858.82,2733.33,2836.5,108417.440425
2025-11-23 16:00:00+00:00,2025-11-23 16:00:00+00:00,2836.51,2885.88,2763.18,2846.5,153198.295911
2025-11-24 16:00:00+00:00,2025-11-24 16:00:00+00:00,2846.44,2986.2,2842.69,2895.64,182268.084308
2025-11-25 16:00:00+00:00,2025-11-25 16:00:00+00:00,2895.56,2984.0,2871.8,2927.61,118525.721741
2025-11-26 16:00:00+00:00,2025-11-26 16:00:00+00:00,2927.61,3071.2,2926.41,3011.26,144154.134364
2025-11-27 16:00:00+00:00,2025-11-27 16:00:00+00:00,3011.25,3099.0,2993.9,3073.7,118996.363095
2025-11-28 16:00:00+00:00,2025-11-28 16:00:00+00:00,3073.62,3074.28,2985.0,3007.53,82146.627924
2025-11-29 16:00:00+00:00,2025-11-29 16:00:00+00:00,3007.54,3052.94,2962.0,3028.81,62044.240628
2025-11-30 16:00:00+00:00,2025-11-30 16:00:00+00:00,3028.8,3049.6,2719.43,2745.78,203193.359548
2025-12-01 16:00:00+00:00,2025-12-01 16:00:00+00:00,2745.97,3024.9,2720.0,3006.22,168157.127296
2025-12-02 16:00:00+00:00,2025-12-02 16:00:00+00:00,3006.22,3146.0,2972.97,3086.3,206734.719683
2025-12-03 16:00:00+00:00,2025-12-03 16:00:00+00:00,3086.29,3240.74,3064.46,3208.0,186424.825954
2025-12-04 16:00:00+00:00,2025-12-04 16:00:00+00:00,3208.0,3226.24,3066.73,3106.41,171135.197521
2025-12-05 16:00:00+00:00,2025-12-05 16:00:00+00:00,3106.41,3108.49,2982.62,3041.72,107240.169317
2025-12-06 16:00:00+00:00,2025-12-06 16:00:00+00:00,3041.72,3066.65,2908.0,3026.96,104229.788069
2025-12-07 16:00:00+00:00,2025-12-07 16:00:00+00:00,3026.62,3180.0,2999.48,3101.61,170655.988828
2025-12-08 16:00:00+00:00,2025-12-08 16:00:00+00:00,3101.56,3257.14,3075.25,3245.96,130684.650005
2025-12-09 16:00:00+00:00,2025-12-09 16:00:00+00:00,3245.7,3398.66,3245.68,3328.52,181823.667031
2025-12-10 16:00:00+00:00,2025-12-10 16:00:00+00:00,3328.41,3448.0,3145.01,3179.11,245644.223897
2025-12-11 16:00:00+00:00,2025-12-11 16:00:00+00:00,3179.25,3273.33,3057.23,3071.22,178989.919339
2025-12-12 16:00:00+00:00,2025-12-12 16:00:00+00:00,3071.24,3135.36,3037.58,3109.73,122025.021131
2025-12-13 16:00:00+00:00,2025-12-13 16:00:00+00:00,3109.73,3129.51,3050.0,3084.56,66378.153073
2025-12-14 16:00:00+00:00,2025-12-14 16:00:00+00:00,3084.59,3177.78,2986.4,3011.11,178041.86302
2025-12-15 16:00:00+00:00,2025-12-15 16:00:00+00:00,3011.36,3017.85,2878.18,2963.24,243862.653439
2025-12-16 16:00:00+00:00,2025-12-16 16:00:00+00:00,2963.33,3031.03,2886.67,2904.87,163762.15679
2025-12-17 16:00:00+00:00,2025-12-17 16:00:00+00:00,2904.53,2997.65,2790.64,2965.37,240034.238677
2025-12-18 16:00:00+00:00,2025-12-18 16:00:00+00:00,2965.36,3018.79,2775.01,2964.55,272760.113634
2025-12-19 16:00:00+00:00,2025-12-19 16:00:00+00:00,2964.72,3007.76,2935.3,2977.22,88140.006436
2025-12-20 16:00:00+00:00,2025-12-20 16:00:00+00:00,2977.23,3013.7,2944.03,2974.66,64285.535079
2025-12-21 16:00:00+00:00,2025-12-21 16:00:00+00:00,2974.67,3077.98,2967.59,3052.49,118368.802585
2025-12-22 16:00:00+00:00,2025-12-22 16:00:00+00:00,3052.81,3059.58,2897.6,2928.45,160015.516757
2025-12-23 16:00:00+00:00,2025-12-23 16:00:00+00:00,2928.46,2988.14,2888.88,2925.6,133362.576332
2025-12-24 16:00:00+00:00,2025-12-24 16:00:00+00:00,2925.56,2971.34,2912.12,2960.99,63085.666726
2025-12-25 16:00:00+00:00,2025-12-25 16:00:00+00:00,2960.99,2994.44,2891.2,2923.39,136674.666927
2025-12-26 16:00:00+00:00,2025-12-26 16:00:00+00:00,2923.4,2940.36,2907.21,2927.09,39527.747168
2025-12-27 16:00:00+00:00,2025-12-27 16:00:00+00:00,2927.1,2961.15,2917.6,2949.25,40212.490058
2025-12-28 16:00:00+00:00,2025-12-28 16:00:00+00:00,2949.25,3057.16,2910.74,2935.68,166489.400815
2025-12-29 16:00:00+00:00,2025-12-29 16:00:00+00:00,2935.68,3009.92,2913.59,2989.44,138840.195113
2025-12-30 16:00:00+00:00,2025-12-30 16:00:00+00:00,2989.35,3028.57,2944.44,2985.8,79795.203856
2025-12-31 16:00:00+00:00,2025-12-31 16:00:00+00:00,2985.79,2997.97,2957.91,2989.81,47988.444617
2026-01-01 16:00:00+00:00,2026-01-01 16:00:00+00:00,2989.82,3109.54,2980.46,3086.34,112685.731935
2026-01-02 16:00:00+00:00,2026-01-02 16:00:00+00:00,3086.29,3150.0,3075.82,3101.54,93375.314887
2026-01-03 16:00:00+00:00,2026-01-03 16:00:00+00:00,3101.22,3170.52,3098.36,3135.59,57398.978466
2026-01-04 16:00:00+00:00,2026-01-04 16:00:00+00:00,3135.59,3222.0,3119.04,3195.76,115926.537377
2026-01-05 16:00:00+00:00,2026-01-05 16:00:00+00:00,3195.71,3309.05,3159.33,3272.21,128847.464096
2026-01-06 16:00:00+00:00,2026-01-06 16:00:00+00:00,3272.2,3302.28,3144.78,3164.63,124259.334234
2026-01-07 16:00:00+00:00,2026-01-07 16:00:00+00:00,3164.77,3184.3,3055.0,3104.26,124869.860601
2026-01-08 16:00:00+00:00,2026-01-08 16:00:00+00:00,3104.14,3148.2,3058.8,3112.5,82757.675895
2026-01-09 16:00:00+00:00,2026-01-09 16:00:00+00:00,3112.57,3145.75,3065.0,3095.55,38317.39863
2026-01-10 16:00:00+00:00,2026-01-10 16:00:00+00:00,3095.55,3131.06,3078.79,3118.1,22973.693944
2026-01-11 16:00:00+00:00,2026-01-11 16:00:00+00:00,3118.14,3171.62,3066.0,3130.58,114046.226068
2026-01-12 16:00:00+00:00,2026-01-12 16:00:00+00:00,3130.42,3188.8,3084.21,3184.41,104911.372601
2026-01-13 16:00:00+00:00,2026-01-13 16:00:00+00:00,3184.42,3380.0,3171.81,3345.67,216697.221432
2026-01-14 16:00:00+00:00,2026-01-14 16:00:00+00:00,3345.67,3403.36,3276.0,3331.25,178733.241448
2026-01-15 16:00:00+00:00,2026-01-15 16:00:00+00:00,3331.25,3337.6,3253.44,3264.51,114692.590741
2026-01-16 16:00:00+00:00,2026-01-16 16:00:00+00:00,3264.5,3330.0,3260.08,3329.79,57398.74623
2026-01-17 16:00:00+00:00,2026-01-17 16:00:00+00:00,3329.79,3347.9,3296.31,3334.01,44739.976792
2026-01-18 16:00:00+00:00,2026-01-18 16:00:00+00:00,3334.01,3369.0,3176.0,3215.96,183420.624809
2026-01-19 16:00:00+00:00,2026-01-19 16:00:00+00:00,3215.96,3227.0,2995.27,3032.84,169977.192992
2026-01-20 16:00:00+00:00,2026-01-20 16:00:00+00:00,3032.85,3043.0,2902.64,3002.62,192330.512685
2026-01-21 16:00:00+00:00,2026-01-21 16:00:00+00:00,3002.62,3069.5,2866.36,2942.24,197733.978822
2026-01-22 16:00:00+00:00,2026-01-22 16:00:00+00:00,2942.07,2984.57,2892.12,2952.52,115415.218154
2026-01-23 16:00:00+00:00,2026-01-23 16:00:00+00:00,2952.64,3019.53,2930.66,2957.17,73618.479694
2026-01-24 16:00:00+00:00,2026-01-24 16:00:00+00:00,2957.18,2968.54,2920.7,2926.95,47296.952815
2026-01-25 16:00:00+00:00,2026-01-25 16:00:00+00:00,2926.95,2951.42,2786.34,2899.5,237249.736831
2026-01-26 16:00:00+00:00,2026-01-26 16:00:00+00:00,2899.5,2957.0,2886.15,2937.6,85798.231779
2026-01-27 16:00:00+00:00,2026-01-27 16:00:00+00:00,2937.6,3046.0,2918.31,3007.83,150919.120842
2026-01-28 16:00:00+00:00,2026-01-28 16:00:00+00:00,3007.89,3038.45,2796.55,2824.55,135803.814389
2026-01-29 16:00:00+00:00,2026-01-29 16:00:00+00:00,2824.54,2860.39,2682.32,2729.47,239602.38123
2026-01-30 16:00:00+00:00,2026-01-30 16:00:00+00:00,2729.37,2761.47,2508.0,2534.34,260280.388984
2026-01-31 16:00:00+00:00,2026-01-31 16:00:00+00:00,2534.31,2551.28,2240.2,2315.85,510467.307275
2026-02-01 16:00:00+00:00,2026-02-01 16:00:00+00:00,2315.89,2396.78,2156.97,2372.66,534625.235516
2026-02-02 16:00:00+00:00,2026-02-02 16:00:00+00:00,2372.71,2387.89,2252.0,2303.32,226713.593297
2026-02-03 16:00:00+00:00,2026-02-03 16:00:00+00:00,2303.36,2345.0,2108.0,2151.96,385652.000379
2026-02-04 16:00:00+00:00,2026-02-04 16:00:00+00:00,2152.01,2197.03,1926.97,1961.0,596848.591523
2026-02-05 16:00:00+00:00,2026-02-05 16:00:00+00:00,1961.01,2018.28,1744.0,1980.66,788467.422609
2026-02-06 16:00:00+00:00,2026-02-06 16:00:00+00:00,1980.66,2119.79,1971.52,2052.58,364212.223203
2026-02-07 16:00:00+00:00,2026-02-07 16:00:00+00:00,2052.58,2145.72,2006.88,2108.61,390304.62037
2026-02-08 16:00:00+00:00,2026-02-08 16:00:00+00:00,2108.64,2152.46,2009.0,2061.7,184658.331854
2026-02-09 16:00:00+00:00,2026-02-09 16:00:00+00:00,2061.56,2148.23,1987.9,2022.75,255585.000277
2026-02-10 16:00:00+00:00,2026-02-10 16:00:00+00:00,2022.8,2047.0,1902.23,1929.11,235361.24625
2026-02-11 16:00:00+00:00,2026-02-11 16:00:00+00:00,1929.22,2001.67,1909.0,1948.8,144109.941038
2026-02-12 16:00:00+00:00,2026-02-12 16:00:00+00:00,1948.81,2050.58,1896.4,2035.07,177576.006738
2026-02-13 16:00:00+00:00,2026-02-13 16:00:00+00:00,2034.81,2107.95,2031.26,2087.51,184087.162649
2026-02-14 16:00:00+00:00,2026-02-14 16:00:00+00:00,2087.51,2103.83,1993.0,2011.64,142437.120851
2026-02-15 16:00:00+00:00,2026-02-15 16:00:00+00:00,2011.61,2023.78,1929.39,1956.61,177288.629246
2026-02-16 16:00:00+00:00,2026-02-16 16:00:00+00:00,1956.76,2008.88,1941.67,1968.75,108620.496352
2026-02-17 16:00:00+00:00,2026-02-17 16:00:00+00:00,1968.78,2039.0,1954.0,1985.46,142305.773831
2026-02-18 16:00:00+00:00,2026-02-18 16:00:00+00:00,1985.46,1987.74,1911.36,1926.53,140024.77107
2026-02-19 16:00:00+00:00,2026-02-19 16:00:00+00:00,1926.47,1980.51,1906.2,1963.97,135093.24261
2026-02-20 16:00:00+00:00,2026-02-20 16:00:00+00:00,1963.83,1996.26,1939.2,1987.95,83358.851944
2026-02-21 16:00:00+00:00,2026-02-21 16:00:00+00:00,1988.06,1995.5,1943.78,1954.05,60010.32505
2026-02-22 16:00:00+00:00,2026-02-22 16:00:00+00:00,1954.06,1962.14,1846.67,1895.61,243548.200986
2026-02-23 16:00:00+00:00,2026-02-23 16:00:00+00:00,1895.61,1900.0,1798.16,1847.35,205259.110109
2026-02-24 16:00:00+00:00,2026-02-24 16:00:00+00:00,1847.36,2028.77,1838.12,2013.73,226333.004296
2026-02-25 16:00:00+00:00,2026-02-25 16:00:00+00:00,2013.84,2150.0,2011.6,2033.32,283676.887238
2026-02-26 16:00:00+00:00,2026-02-26 16:00:00+00:00,2033.33,2063.65,1938.87,1948.65,193075.90473
2026-02-27 16:00:00+00:00,2026-02-27 16:00:00+00:00,1948.64,1948.89,1835.47,1898.67,189629.940029
2026-02-28 16:00:00+00:00,2026-02-28 16:00:00+00:00,1898.67,2055.0,1885.71,1993.34,207686.700545
2026-03-01 16:00:00+00:00,2026-03-01 16:00:00+00:00,1993.35,2065.54,1907.4,2047.7,226079.168376
2026-03-02 16:00:00+00:00,2026-03-02 16:00:00+00:00,2047.73,2090.9,2016.72,2027.46,66385.05244
